PN or GN,PN/GN normalized,Id PN/GN normalized,No. occurrences,PN/GN as attested,Id PN/GN as attested,No. occurrences
PN,A-a-kal-la,OS_000001,3,A-a-kal-la,OV_000001,3
PN,A-a-li2-tum,OS_000002,1,A-a-li2-tum,OV_000002,1
PN,A-a-mu,OS_000003,2,A-a-mu,OV_000003,2
PN,A-a-ni,OS_000004,6,A-a-ni,OV_000004,6
PN,A-al-li2,OS_000005,1,A-al-li2,OV_000005,1
PN,A-al-lu,OS_000006,2,A-al-lu,OV_000006,2
PN,A-al-lu-a,OS_000007,2,A-al-lu-a,OV_000007,2
PN,A-al-lu-u2,OS_000008,1,A-al-lu-u2,OV_000008,1
PN,A-ba-ki-du?-ni,OS_000009,1,A-ba-ki-du?-ni,OV_000009,1
PN,A-bi-a,OS_000010,1,A-bi-a,OV_000010,1
PN,A-bi-ma-a,OS_000011,1,A-bi-ma-a,OV_000011,1
PN,A-bi-nu-ri,OS_000012,1,A-bi-nu-ri,OV_000012,1
PN,A-bi-si2-im-ti,OS_000013,2,A-bi-si2-im-ti,OV_000013,2
PN,A-bi2-a,OS_000014,129,A-bi2-a,OV_000014,129
PN,A-bi2-a-bi-ih,OS_000015,1,A-bi2-a-bi-ih,OV_000015,1
PN,A-bi2-a-ti,OS_000016,20,A-bi2-a-ti,OV_000016,20
PN,A-bi2-DU10,OS_000017,2,A-bi2-DU10,OV_000017,2
PN,A-bi2-i3-li2,OS_000018,1,A-bi2-i3-li2,OV_000018,1
PN,A-bi2-ma-ta,OS_000019,1,A-bi2-ma-ta,OV_000019,1
PN,A-bi2-si2-im-ti,OS_000020,1,A-bi2-si2-im-ti,OV_000020,1
PN,A-bu-DU10,OS_000021,19,A-bu-DU10,OV_000021,19
PN,A-bu-ni,OS_000022,38,A-bu-ni,OV_000022,38
PN,A-bu-um-DINGIR,OS_000023,8,A-bu-um-DINGIR,OV_000023,8
PN,A-da-lal3,OS_000024,166,A-da-lal3,OV_000024,166
PN,A-da-tum,OS_000025,1,A-da-tum,OV_000025,1
PN,A-du-tum,OS_000027,1,A-du-tum,OV_000028,1
PN,A-ga-da-ni,OS_000028,1,A-ga-da-ni,OV_000029,1
PN,A-ga-ga,OS_000029,2,A-ga-ga,OV_000030,2
PN,A-ga-ma-a,OS_000030,3,A-ga-ma-a,OV_000031,3
PN,A-ga-ti,OS_000031,9,A-ga-ti,OV_000032,9
PN,A-ga-ti-a,OS_000032,6,A-ga-ti-a,OV_000033,6
PN,A-ga-tum,OS_000033,2,A-ga-tum,OV_000034,2
PN,A-gu-a,OS_000035,3,A-gu-a,OV_000036,3
PN,A-gu-a-nu-ri,OS_000036,1,A-gu-a-nu-ri,OV_000037,1
PN,A-ha-am-ar-ši,OS_000037,2,A-ha-am-ar-ši,OV_000038,2
PN,A-ha-ni-šu,OS_000038,6,A-ha-ni-šu,OV_000039,6
PN,A-ha-ti-id,OS_000039,1,A-ha-ti-id,OV_000040,1
PN,A-ha-zu-um,OS_000040,2,A-ha-zu-um,OV_000041,2
PN,A-hi-ba-aš2-ti,OS_000041,5,A-hi-ba-aš2-ti,OV_000043,2
PN,A-hi-ba-aš2-ti,OS_000041,5,A-hi-ba-aš-ti,OV_000042,3
PN,A-hi-ba-ša-at,OS_000042,2,A-hi-ba-ša-at,OV_000044,2
PN,A-hi-ma,OS_000043,3,A-hi-ma,OV_000045,3
PN,A-hu-a,OS_000044,7,A-hu-a,OV_000046,7
PN,A-hu-DU10,OS_000045,11,A-hu-DU10,OV_000048,11
PN,A-hu-ma,OS_000046,2,A-hu-ma,OV_000049,2
PN,A-hu-ni,OS_000047,16,A-hu-ni,OV_000050,16
PN,A-hu-wa-qar,OS_000048,31,A-hu-wa-qar,OV_000051,30
PN,A-hu-wa-qar,OS_000048,31,A-hu-ba-qar,OV_000047,1
PN,A-ki-a,OS_000049,1,A-ki-a,OV_000052,1
PN,A-la-HI,OS_000050,1,A-la-HI,OV_000053,1
PN,A-la-ni-tum,OS_000051,6,A-la-ni-tum,OV_000054,6
PN,A-la-tum,OS_000052,1,A-la-tum,OV_000055,1
PN,A-li2-a-bi,OS_000053,32,A-li2-a-bi,OV_000056,28
PN,A-li2-a-bi,OS_000053,32,A-li2-a-bi2,OV_000057,4
PN,A-li2-a-ha-ti,OS_000054,2,A-li2-a-ha-ti,OV_000058,2
PN,A-li2-a-hi,OS_000055,30,A-li2-a-hi,OV_000059,30
PN,A-li2-ah,OS_000056,17,A-li2-ah,OV_000060,17
PN,A-li2-bi-a,OS_000057,1,A-li2-bi-a,OV_000061,1
PN,A-li2-tum,OS_000058,7,A-li2-tum,OV_000062,7
PN,A-li2-ud-da,OS_000059,2,A-li2-ud-da,OV_000063,2
PN,A-li2-um-mi,OS_000060,5,A-li2-um-mi,OV_000064,5
PN,A-lim-ma,OS_000061,1,A-lim-ma,OV_000065,1
PN,A-lu-a,OS_000062,6,A-lu-a,OV_000066,6
PN,A-lu-zi-na,OS_000063,1,A-lu-zi-na,OV_000067,1
PN,A-ma-a,OS_000064,5,A-ma-a-a,OV_000069,1
PN,A-ma-a,OS_000064,5,A-ma-a,OV_000068,4
PN,A-mur-DINGIR,OS_000065,4,A-mur-i3-li2,OV_000071,1
PN,A-mur-DINGIR,OS_000065,4,A-mur-DINGIR,OV_000070,3
PN,A-na-a,OS_000066,6,A-na-a,OV_000072,5
PN,A-na-a,OS_000066,6,A-na-a-a,OV_000073,1
PN,A-na-ah-i3-li2,OS_000067,152,A-na-ah-i3-li2,OV_000074,148
PN,A-na-ah-i3-li2,OS_000067,152,A-na-hi-li,OV_000077,3
PN,A-na-ah-i3-li2,OS_000067,152,A-na-hi-li2,OV_000078,1
PN,A-na-da-ba-at,OS_000068,1,A-na-da-ba-at,OV_000075,1
PN,A-na-hi-ba-at,OS_000069,2,A-na-hi-ba-at,OV_000076,2
PN,A-na-hi-li2-bi,OS_000070,2,A-na-hi-li2-bi,OV_000079,2
PN,A-na-ti,OS_000071,1,A-na-ti,OV_000080,1
PN,A-na-ti-a,OS_000072,1,A-na-ti-a,OV_000081,1
PN,A-na-tum,OS_000073,1,A-na-tum,OV_000082,1
PN,A-NI-da-x,OS_000074,1,A-NI-da-x,OV_000083,1
PN,A-pi-li2,OS_000075,3,A-pi-li2,OV_000084,3
PN,A-pi5-la-ti,OS_000079,1,A-pi5-la-ti,OV_000088,1
PN,A-ra-ku-um,OS_000080,1,A-ra-ku-um,OV_000089,1
PN,A-SI-x,OS_000094,1,A-SI-x,OV_000104,1
PN,A-ta-li-ku,OS_000095,1,A-ta-li-ku,OV_000105,1
PN,A-ta2-kar3,OS_000096,1,A-ta2-kar3,OV_000106,1
PN,A-ta2-na-ah,OS_000097,1,A-ta2-na-ah,OV_000107,1
PN,A-ti-da,OS_000098,2,A-ti-da,OV_000108,2
PN,A-tu,OS_000099,1,A-tu,OV_000109,1
PN,A-wa-kal-la,OS_000100,1,A-wa-kal-la,OV_000110,1
PN,A-za-lum,OS_000101,1,A-za-lum,OV_000111,1
PN,A-zi-num2,OS_000102,3,A-zi-num2,OV_000112,3
PN,A?-al-la-x,OS_000103,1,A?-al-la-x,OV_000113,1
PN,A2-giš-u?,OS_000104,1,A2-giš-u?,OV_000114,1
PN,A2-li2-id,OS_000105,2,A2-li2-id,OV_000115,2
PN,A2-na-na,OS_000106,1,A2-na-na,OV_000116,1
PN,A2-NI-x-x,OS_000107,1,A2-NI-x-x,OV_000117,1
PN,A2-pi-lum,OS_000076,2,A-pi-lum,OV_000085,1
PN,A2-pi-lum,OS_000076,2,A2-pi-lum,OV_000118,1
PN,A2-pi-lum-ma,OS_000077,9,A-pi-lum-ma,OV_000086,6
PN,A2-pi-lum-ma,OS_000077,9,A2-pi-lum-ma,OV_000119,3
PN,A2-pi2-lum-ma,OS_000108,1,A2-pi2-lum-ma,OV_000120,1
PN,A2-pi5-la-num2,OS_000109,1,A2-pi5-la-num2,OV_000121,1
PN,A2-pi5-li2-a,OS_000110,2,A2-pi5-li2-a,OV_000122,2
PN,Ab-ba,OS_000111,5,Ab-ba,OV_000123,5
PN,Ad-da-kal-la,OS_000112,2,Ad-da-kal-la,OV_000124,2
PN,Ad-da-ni,OS_000113,1,Ad-da-ni,OV_000125,1
PN,Ah-dam-i3-li2,OS_000115,2,Ah-dam-i3-li2,OV_000127,2
PN,Ak-ba-zum,OS_000116,12,Ak-ba-zum,OV_000128,12
PN,Ak-lu-um,OS_000117,1,Ak-lu-um,OV_000129,1
PN,Ak-ma-a,OS_000118,1,Ak-ma-a,OV_000130,1
PN,Al-du-ru-um,OS_000119,2,Al-du-ru-um,OV_000131,2
PN,Al-la,OS_000120,1,Al-la,OV_000132,1
PN,Al-la-ša-ru-um,OS_000121,2,Al-la-ša-ru-um,OV_000133,2
PN,Al-lu-a,OS_000122,2,Al-lu-a,OV_000134,2
PN,Am-ri-ni,OS_000123,4,Am-ri-ni,OV_000135,4
PN,Ama-kal-la,OS_000124,1,Ama-kal-la,OV_000136,1
PN,An-na-ah-i3-li2,OS_000125,91,An-na-ah-i3-li2,OV_000137,88
PN,An-na-ah-i3-li2,OS_000125,91,An-na-hi-li,OV_000138,3
PN,An-ta-lu2,OS_000126,15,An-ta-lu2,OV_000139,15
PN,AN.ŠUM.TAG.KAL,OS_000132,5,AN.ŠUM.TAG.KAL,OV_000145,5
PN,AN.TAG.KAL,OS_000133,2,AN.TAG.KAL,OV_000146,2
PN,Ar-ri-az,OS_000134,2,Ar-ri-az,OV_000147,2
PN,Ar-ša-ti,OS_000135,1,Ar-ša-ti,OV_000148,1
PN,Ar-ša-tum,OS_000136,3,Ar-ša-tum,OV_000149,3
PN,Ar-wa-tum,OS_000137,1,Ar-wa-tum,OV_000150,1
PN,Ar-wi-tum,OS_000138,2,Ar-wi-tum,OV_000151,2
PN,Arad2-{d}Nanna,OS_000139,1,Arad2-{d}Nanna,OV_000152,1
PN,Arad2-dam,OS_000140,1,Arad2-dam,OV_000153,1
PN,Arad2-gi-gi,OS_000141,1,Arad2-gi-gi,OV_000154,1
PN,Arad2-mu,OS_000142,1,Arad2-mu,OV_000155,1
PN,Arad2-ni,OS_000143,1,Arad2-ni,OV_000156,1
PN,Aš-ta2-kar3,OS_000144,242,Aš-ta2-kar3,OV_000157,241
PN,Aš-ta2-kar3,OS_000144,242,Aš2-ta2-kar3,OV_000158,1
PN,Ba-a-ti-a,OS_000145,3,Ba-a-ti-a,OV_000159,3
PN,Ba-ab-ba-e,OS_000146,1,Ba-ab-ba-e,OV_000160,1
PN,Ba-ah-zi-gi,OS_000147,1,Ba-ah-zi-gi,OV_000161,1
PN,Ba-al-ba-la,OS_000148,1,Ba-al-ba-la,OV_000162,1
PN,Ba-ba-[...]-um,OS_000149,1,Ba-ba-[...]-um,OV_000163,1
PN,Ba-ba-da,OS_000150,3,Ba-ba-da,OV_000164,3
PN,Ba-ba-ni,OS_000151,26,Ba-ba-ni,OV_000165,26
PN,Ba-ba-ti,OS_000152,4,Ba-ba-ti,OV_000166,4
PN,Ba-ba-ti-a,OS_000153,10,Ba-ba-ti-a,OV_000167,10
PN,Ba-ga-ru-um,OS_000154,2,Ba-ga-ru-um,OV_000168,2
PN,Ba-ha-a,OS_000155,7,Ba-ha-a,OV_000169,7
PN,Ba-ku-tum,OS_000156,3,Ba-ku-tum,OV_000170,3
PN,Ba-la-a,OS_000157,8,Ba-la-a,OV_000171,8
PN,Ba-la-a-ta,OS_000158,2,Ba-la-a-ta,OV_000172,2
PN,Ba-luh-DINGIR,OS_000159,1,Ba-luh-DINGIR,OV_000173,1
PN,Ba-za,OS_000160,2,Ba-za,OV_000174,2
PN,Ba-za-za,OS_000161,4,Ba-za-za,OV_000175,4
PN,Ba-zi,OS_000162,144,Ba-zi,OV_000176,144
PN,Ba-zi-na-tum,OS_000163,1,Ba-zi-na-tum,OV_000177,1
PN,Ba-zi-tum,OS_000164,2,Ba-zi-tum,OV_000178,2
PN,Ba-zu-u2,OS_000165,1,Ba-zu-u2,OV_000179,1
PN,Ba-zu-zu,OS_000166,1,Ba-zu-zu,OV_000180,1
PN,Be-li2-a-ri-ik,OS_000170,2,Be-li2-a-ri-ik,OV_000184,2
PN,Be-li2-A.ZU,OS_000171,20,Be-li2-A.ZU,OV_000185,20
PN,Be-li2-i3-li2,OS_000172,148,Be-li2-i3-li2,OV_000186,148
PN,Be-li2-nu-ri,OS_000173,1,Be-li2-nu-ri,OV_000187,1
PN,Bi-bi,OS_000174,1,Bi-bi,OV_000188,1
PN,Bi-i-a,OS_000175,1,Bi-i-a,OV_000189,1
PN,Bi-ku-ku,OS_000176,2,Bi-ku-ku,OV_000190,2
PN,Bi-ku-um,OS_000177,1,Bi-ku-um,OV_000191,1
PN,Bi-la-la,OS_000178,1,Bi-la-la,OV_000192,1
PN,Bi-za-tum,OS_000187,5,Bi2-za-tum,OV_000202,4
PN,Bi-za-tum,OS_000187,5,Bi-za-tum,OV_000193,1
PN,Bi-zi-za-a2,OS_000179,1,Bi-zi-za-a2,OV_000194,1
PN,Bi-zu-a,OS_000180,3,Bi-zu-a,OV_000195,1
PN,Bi-zu-a,OS_000180,3,Bi2-zu-a,OV_000203,2
PN,Bi?-da-sa6-sa6,OS_000181,1,Bi?-da-sa6-sa6,OV_000196,1
PN,Bi?-za-da?-x,OS_000182,1,Bi?-za-da?-x,OV_000197,1
PN,Bi2-ba-a,OS_000183,1,Bi2-ba-a,OV_000198,1
PN,Bi2-du-lu-um,OS_000184,1,Bi2-du-lu-um,OV_000199,1
PN,Bi2-za-a,OS_000185,5,Bi2-za-a,OV_000200,5
PN,Bi2-za-ni,OS_000186,2,Bi2-za-ni,OV_000201,2
PN,Bi2-zu-zu,OS_000188,1,Bi2-zu-zu,OV_000204,1
PN,Bil2-lum,OS_000189,8,Bil2-lum,OV_000205,8
PN,Bu-ga-a,OS_000190,2,Bu-ga-a,OV_000206,2
PN,Bu-ga-num2,OS_000191,9,Bu-ga-num2,OV_000207,9
PN,Bu-ga-tum,OS_000192,1,Bu-ga-tum,OV_000208,1
PN,Bu-lu-za,OS_000193,1,Bu-lu-za,OV_000209,1
PN,Bu-lu-zu-um,OS_000194,1,Bu-lu-zu-um,OV_000210,1
PN,Bu-ru-uk-tum,OS_000195,1,Bu-ru-uk-tum,OV_000211,1
PN,Bu-za-a,OS_000196,1,Bu-za-a,OV_000212,1
PN,Bu-za-du-a,OS_000197,1,Bu-za-du-a,OV_000213,1
PN,Bu-zu-a,OS_000198,1,Bu-zu-a,OV_000214,1
PN,Bu-zu-zu,OS_000199,1,Bu-zu-zu,OV_000215,1
PN,{d}Amar-{d}Suen,OS_000200,2,{d}Amar-{d}Suen,OV_000216,2
PN,{d}Ba-u2-da,OS_000201,10,{d}Ba-u2-da,OV_000217,10
PN,{d}En-lil2-ba-za-du,OS_000202,1,{d}En-lil2-ba-za-du,OV_000218,1
PN,{d}I-bi2-{d}Suen,OS_000204,126,{d}I-bi2-{d}Suen,OV_000220,126
PN,[...]-{d}I-šum,OS_000205,1,[...]-{d}I-šum,OV_000221,1
PN,[...]-{d}IŠKUR,OS_000206,1,[...]-{d}IŠKUR,OV_000222,1
PN,{d}IŠKUR-[...],OS_000207,2,{d}IŠKUR-[...],OV_000223,2
PN,{d}IŠKUR-ILLAT,OS_000208,1183,{d}IŠKUR-ILLAT,OV_000224,1183
PN,{d}IŠKUR-nu-ri,OS_000209,26,{d}IŠKUR-nu-ri,OV_000225,26
PN,{d}IŠKUR-ra-bi2,OS_000210,5,{d}IŠKUR-ra-bi2,OV_000227,4
PN,{d}IŠKUR-ra-bi2,OS_000210,5,{d}IŠKUR-ra-bi,OV_000226,1
PN,{d}IŠKUR-SIG5,OS_000211,4,{d}IŠKUR-SIG5,OV_000228,4
PN,{d}Ma-lik-ba-ni,OS_000212,195,{d}Ma-lik-ba-ni,OV_000229,195
PN,{d}Ma-lik-ILLAT,OS_000213,14,{d}Ma-lik-ILLAT,OV_000230,14
PN,{d}Ma-lik-ILLAT-su2,OS_000214,6,{d}Ma-lik-ILLAT-su2,OV_000231,6
PN,{d}Nin-lil2-le-mu-tu-ud,OS_000215,1,{d}Nin-lil2-le-mu-tu-ud,OV_000232,1
PN,{d}Šara2-i3-sa6,OS_000216,4,{d}Šara2-i3-sa6,OV_000233,4
PN,{d}Šara2-kam,OS_000217,17,{d}Šara2-kam,OV_000234,17
PN,{d}Šara2-sa2-mu,OS_000218,1,{d}Šara2-sa2-mu,OV_000235,1
PN,{d}Šu-[...],OS_000219,1,{d}Šu-[...],OV_000236,1
PN,{d}Šu-{d}Suen,OS_000220,775,{d}Šu-{d}Suen,OV_000237,775
PN,{d}Šu-{d}Suen-e-te-el2-KA-{d}En-lil2,OS_000223,5,{d}Šu-{d}Suen-e-te-el2-KA-{d}En-lil2,OV_000242,5
PN,{d}Šu-{d}Suen-ha-ma-ti,OS_000224,3,{d}Šu-{d}Suen-ha-ma-ti,OV_000243,3
PN,{d}Šu-{d}Suen-KAL,OS_000225,2,{d}Šu-{d}Suen-KAL,OV_000244,2
PN,{d}Šu-{d}Suen-na-ra-am-{d}En-lil2,OS_000226,2,{d}Šu-{d}Suen-na-ra-am-{d}En-lil2,OV_000245,2
PN,{d}Suen-a-bu-šu,OS_000227,3,{d}Suen-a-bu-šu,OV_000246,3
PN,{d}Suen-ba-ni,OS_000228,3,{d}Suen-ba-ni,OV_000247,3
PN,{d}Šul-gi-ra-ma,OS_000229,1,{d}Šul-gi-ra-ma,OV_000248,1
PN,{d}Šul-gi-uru-mu,OS_000230,1,{d}Šul-gi-uru-mu,OV_000249,1
PN,{d}Šul-gi-wa-qar,OS_000231,8,{d}Šul-gi-wa-qar,OV_000250,8
PN,{d}UTU-a-bi,OS_000232,10,{d}UTU-a-bi,OV_000251,9
PN,{d}UTU-a-bi,OS_000232,10,{d}UTU-a-bi2,OV_000252,1
PN,{d}UTU-di-in,OS_000233,2,{d}UTU-di-in,OV_000253,2
PN,{d}Utu-DI.NE,OS_000234,5,{d}Utu-DI.NE,OV_000254,5
PN,{d}Utu-DI.TI,OS_000235,1,{d}Utu-DI.TI,OV_000255,1
PN,Da-a-a,OS_000236,18,Da-a-a,OV_000256,18
PN,Da-ba-a,OS_000237,2,Da-ba-a,OV_000257,2
PN,Da-ba-ku,OS_000238,1,Da-ba-ku,OV_000258,1
PN,Da-da,OS_000239,8,Da-da,OV_000259,8
PN,Da-da-a,OS_000240,15,Da-da-a,OV_000260,15
PN,Da-da-a2,OS_000241,1,Da-da-a2,OV_000261,1
PN,Da-da-AN,OS_000242,1,Da-da-AN,OV_000262,1
PN,Da-da-ba-ni,OS_000243,1,Da-da-ba-ni,OV_000263,1
PN,Da-ku-na,OS_000244,1,Da-ku-na,OV_000264,1
PN,Da-la-zi,OS_000245,1,Da-la-zi,OV_000265,1
PN,Da-ra,OS_000246,1,Da-ra,OV_000266,1
PN,Da-ri-tum,OS_000247,1,Da-ri-tum,OV_000267,1
PN,Dam-ze2-ra-ra,OS_000249,1,Dam-ze2-ra-ra,OV_000269,1
PN,DINGIR-ba-ni,OS_000253,15,DINGIR-ba-ni,OV_000274,15
PN,DINGIR-ma-zi,OS_000254,1,DINGIR-ma-zi,OV_000275,1
PN,DINGIR-mu-ta2-bil2,OS_000255,2,DINGIR-mu-ta2-bil3,OV_000277,1
PN,DINGIR-mu-ta2-bil2,OS_000255,2,DINGIR-mu-ta2-bil2,OV_000276,1
PN,DINGIR-ra-pi5,OS_000256,2,DINGIR-ra-pi5,OV_000278,2
PN,DINGIR-šu,OS_000257,1,DINGIR-šu,OV_000279,1
PN,DINGIR-šu-AH,OS_000258,2,DINGIR-šu-AH,OV_000280,2
PN,DINGIR-su-ba-ni,OS_000259,4,DINGIR-su-ba-ni,OV_000281,4
PN,DINGIR-su-KAL,OS_000260,2,DINGIR-su-KAL,OV_000282,2
PN,DINGIR-šu-nir,OS_000261,1,DINGIR-šu-nir,OV_000283,1
PN,DINGIR.KAL,OS_000262,38,DINGIR.KAL,OV_000284,38
PN,Du-du-gu,OS_000263,6,Du-du-gu,OV_000285,6
PN,Du-gu-a,OS_000264,2,Du-gu-a,OV_000286,2
PN,Du-ku-x,OS_000265,2,Du-ku-x,OV_000287,2
PN,Du-šu-bu-um,OS_000266,2,Du-šu-bu-um,OV_000288,2
PN,DU10-bu-tum,OS_000267,1,DU10-bu-tum,OV_000289,1
PN,DU10-i3-li2,OS_000268,2,DU10-i3-li2,OV_000290,2
PN,DUB-si-ga,OS_000271,1,DUB-si-ga,OV_000294,1
PN,E-bu-ri-tum,OS_000272,3,E-bu-ri-tum,OV_000295,3
PN,E-da-ti-ni,OS_000273,4,E-da-ti-ni,OV_000296,4
PN,E-e2-zi,OS_000274,1,E-e2-zi,OV_000297,1
PN,E-li-en,OS_000275,2,E-li2-en,OV_000299,1
PN,E-li-en,OS_000275,2,E-li-en,OV_000298,1
PN,E-PI-[x],OS_000276,1,E-PI-[x],OV_000300,1
PN,E-re-[x-x],OS_000277,1,E-re-[x-x],OV_000301,1
PN,E-ri-ib-bu-um,OS_000278,1,E-ri-ib-bu-um,OV_000302,1
PN,E-ŠI-da-ar,OS_000279,1,E-ŠI-da-ar,OV_000303,1
PN,E-sir2-ri-tum,OS_000280,1,E-sir2-ri-tum,OV_000304,1
PN,E-ta-di-ni,OS_000281,1,E-ta-di-ni,OV_000305,1
PN,E-ta-hi-ni,OS_000282,1,E-ta-hi-ni,OV_000306,1
PN,E-ta-ti-ni,OS_000283,3,E-ta-ti-ni,OV_000307,3
PN,E-zi-ib-tum,OS_000284,8,E-zi-ib-tum,OV_000308,2
PN,E-zi-ib-tum,OS_000284,8,E-zi-tum,OV_000309,5
PN,E-zi-ib-tum,OS_000284,8,E-zi2-tum,OV_000310,1
PN,E2-a-KAL,OS_000286,8,E2-a-KAL,OV_000313,8
PN,E2-a-nu-uh3-ši,OS_000287,8,E2-a-nu-uh3-ši,OV_000314,8
PN,E2-a-ra-bi2,OS_000288,1,E2-a-ra-bi2,OV_000315,1
PN,E2-a-šar,OS_000289,88,E2-a-šar,OV_000316,88
PN,E2-e2-z[i-(x)],OS_000297,1,E2-e2-z[i-(x)],OV_000326,1
PN,E2-zu-zu,OS_000302,1,E2-zu-zu,OV_000332,1
PN,El-pa2-dan,OS_000303,1,El-pa2-dan,OV_000333,1
PN,En-am-gal-an-na,OS_000304,11,En-am-gal-an-na,OV_000334,11
PN,EN-i3-li2,OS_000305,2,EN-i3-li2,OV_000335,2
PN,En-mah-gal-an-na,OS_000306,2,En-mah-gal-an-na,OV_000336,2
PN,En-nam-{d}Ma-lik,OS_000307,3,En-nam-{d}Ma-lik,OV_000337,3
PN,En-nim-ma,OS_000308,14,En-nim-ma,OV_000339,6
PN,En-nim-ma,OS_000308,14,En-ni-ma,OV_000338,8
PN,En-nu-um-i3-li2,OS_000311,6,En-um-i3-li2,OV_000343,5
PN,En-nu-um-i3-li2,OS_000311,6,En-nu-um-i3-li2,OV_000340,1
PN,En-um-{d}IŠKUR,OS_000309,2,En-um-{d}IŠKUR,OV_000341,2
PN,En-um-Eš4-tar2,OS_000310,2,En-um-Eš4-tar2,OV_000342,2
PN,En-unu6-gal,OS_000312,3,En-unu6-gal,OV_000344,3
PN,Ep-qu2-ša,OS_000314,3,Ep-qu2-ša,OV_000347,3
PN,Er2-kal-la,OS_000315,4,Er2-kal-la,OV_000348,4
PN,Er3-ra-AN.DUL3,OS_000316,2,Er3-ra-AN.DUL3,OV_000349,2
PN,Er3-ra-ba-ni,OS_000317,26,Er3-ra-ba-ni,OV_000350,26
PN,Er3-ra-KAL,OS_000318,2,Er3-ra-KAL,OV_000351,2
PN,Er3-ra-nu-id,OS_000319,2,Er3-ra-nu-id,OV_000352,2
PN,Er3-re-šum,OS_000320,2,Er3-re-šum,OV_000353,2
PN,Eš18-tar2-na-da,OS_000321,1,Eš18-tar2-na-da,OV_000354,1
PN,Eš4-tar2-im-ti,OS_000322,23,Eš4-tar2-im-ti,OV_000355,23
PN,Eš4-tar2-ma-[x],OS_000323,1,Eš4-tar2-ma-[x],OV_000356,1
PN,Eš4-tar2-mi-DU10,OS_000324,1,Eš4-tar2-mi-DU10,OV_000357,1
PN,Eš4-tar2-mi-hi,OS_000325,1,Eš4-tar2-mi-hi,OV_000358,1
PN,Eš4-tar2-nu-ri,OS_000326,3,Eš4-tar2-nu-ri,OV_000359,3
PN,Eš4-tar2-um-me,OS_000327,1,Eš4-tar2-um-me,OV_000360,1
PN,Eš4-tar2-um-mi,OS_000328,15,Eš4-tar2-um-mi,OV_000361,15
PN,Ga-al-ma-ti,OS_000329,2,Ga-al-ma-ti,OV_000362,2
PN,Ga-la-e,OS_000330,2,Ga-la-e,OV_000363,2
PN,Ga-na-na,OS_000331,1,Ga-na-na,OV_000364,1
PN,Ga-NI-NI-tum,OS_000332,1,Ga-NI-NI-tum,OV_000365,1
PN,Ga-su-su,OS_000333,1,Ga-su-su,OV_000366,1
PN,Geme2-{d}En-ki,OS_000336,1,Geme2-{d}En-ki,OV_000371,1
PN,Geme2-{d}Nanna,OS_000337,2,Geme2-{d}Nanna,OV_000372,2
PN,Geme2-{d}Nin-lil2,OS_000338,1,Geme2-{d}Nin-lil2,OV_000373,1
PN,Geme2-{d}Šara2,OS_000339,6,Geme2-{d}Šara2,OV_000374,6
PN,Geme2-{giš}gigir,OS_000340,1,Geme2-{giš}gigir,OV_000375,1
PN,Geme2-{giš}kiri6,OS_000341,1,Geme2-{giš}kiri6,OV_000376,1
PN,Geme2-nigarX{gar},OS_000342,1,Geme2-nigarX{gar},OV_000377,1
PN,Giri3-{d}Ba-u2-i3-dab5,OS_000345,5,Giri3-{d}Ba-u2-i3-dab5,OV_000380,5
PN,Giri3-ne2-i3-dab5,OS_000346,4,Giri3-ne2-i3-dab5,OV_000381,4
PN,Gu3-zi-de2-a,OS_000360,1,Gu3-zi-de2-a,OV_000396,1
PN,Ha-ab-ru-še-en,OS_000363,1,Ha-ab-ru-še-en,OV_000399,1
PN,Ha-an-du-u2,OS_000362,11,Ha-a-du-u2,OV_000398,1
PN,Ha-an-du-u2,OS_000362,11,Ha-an-du-u2,OV_000400,10
PN,Ha-an-ha-bi2,OS_000364,1,Ha-an-ha-bi2,OV_000401,1
PN,Ha-bi-za-nu-um,OS_000365,3,Ha-bi-za-nu-um,OV_000402,2
PN,Ha-bi-za-nu-um,OS_000365,3,Ha-bi2-za-nu-um,OV_000403,1
PN,Ha-bu-ra-tum,OS_000366,1,Ha-bu-ra-tum,OV_000404,1
PN,Ha-ha-NE,OS_000367,1,Ha-ha-NE,OV_000405,1
PN,Ha-la-la,OS_000368,2,Ha-la-la,OV_000406,2
PN,Ha-li-a,OS_000369,1,Ha-li-a,OV_000407,1
PN,Ha-li2,OS_000370,37,Ha-li2,OV_000408,37
PN,Ha-mi-še-id,OS_000371,1,Ha-mi-še-id,OV_000409,1
PN,Ha-šu-um,OS_000372,1,Ha-šu-um,OV_000410,1
PN,Ha-zi,OS_000373,1,Ha-zi,OV_000411,1
PN,Ha-zu-zi,OS_000374,1,Ha-zu-zi,OV_000412,1
PN,HA.LA-ša,OS_000375,2,HA.LA-ša,OV_000413,2
PN,Hal-li2-a,OS_000376,24,Hal-li2-a,OV_000415,23
PN,Hal-li2-a,OS_000376,24,Hal-li-a,OV_000414,1
PN,Hi-ba-ti,OS_000377,3,Hi-ba-ti,OV_000416,3
PN,Hi-bu-ti,OS_000378,1,Hi-bu-ti,OV_000417,1
PN,Hi-la-a,OS_000379,3,Hi-la-a,OV_000418,3
PN,Hi-li,OS_000380,1,Hi-li,OV_000419,1
PN,Hi-lu-a,OS_000381,23,Hi-lu-a,OV_000420,23
PN,Hu-bu-tum,OS_000382,1,Hu-bu-tum,OV_000421,1
PN,Hu-l[a?-...],OS_000383,1,Hu-l[a?-...],OV_000422,1
PN,Hu-lu-lu,OS_000384,5,Hu-lu-lu,OV_000423,5
PN,Hu-zi,OS_000386,1,Hu-zi,OV_000425,1
PN,Hu?-a-[...],OS_000387,1,Hu?-a-[...],OV_000426,1
PN,I-ba-a-a,OS_000388,1,I-ba-a-a,OV_000427,1
PN,I-bi2-{d}Suen,OS_000389,3,I-bi2-{d}Suen,OV_000428,3
PN,I-din-{d}IŠKUR,OS_000390,8,I-din-{d}IŠKUR,OV_000429,8
PN,I-din-{d}UTU,OS_000391,4,I-din-{d}UTU,OV_000430,4
PN,I-din-a-bu-um,OS_000392,5,I-din-a-bu-um,OV_000431,5
PN,i-din-DINGIR,OS_000393,5,i-din-DINGIR,OV_000432,5
PN,I-din-E2-a,OS_000394,1,I-din-E2-a,OV_000433,1
PN,I-din-Er3-ra,OS_000395,1,I-din-Er3-ra,OV_000434,1
PN,I-gi-zu-tum,OS_000396,1,I-gi-zu-tum,OV_000435,1
PN,I-ku-nu-um,OS_000397,3,I-ku-nu-um,OV_000436,3
PN,I-kun-si-ir,OS_000398,1,I-kun-si-ir,OV_000437,1
PN,I-la-ag-nu-id,OS_000399,3,I-la-ag-nu-id,OV_000438,3
PN,I-lu-lu,OS_000400,1,I-lu-lu,OV_000439,1
PN,I-lu-ši2-na-at,OS_000401,5,I-lu-ši2-na-at,OV_000440,5
PN,I-me-Er3-ra,OS_000402,29,I-me2-Er3-ra,OV_000442,2
PN,I-me-Er3-ra,OS_000402,29,I-me-Er3-ra,OV_000441,27
PN,I-mi-i3-li2,OS_000403,1,I-mi-i3-li2,OV_000443,1
PN,I-mi-iq-{d}Šul-gi,OS_000404,1,I-mi-iq-{d}Šul-gi,OV_000444,1
PN,I-NE-DI,OS_000405,2,I-NE-DI,OV_000445,2
PN,I-pa2-li2-is,OS_000406,2,I-pa2-li2-is,OV_000446,2
PN,I-pi5-iq-Eš18-tar2,OS_000407,3,I-pi5-iq-Eš18-tar2,OV_000447,3
PN,I-re-bu-um,OS_000408,2,I-re-bu-um,OV_000448,2
PN,I-re-eb,OS_000409,74,I-re-eb,OV_000449,74
PN,I-sa3-tum,OS_000410,3,I-sa3-tum,OV_000450,3
PN,I-šar-li-bur,OS_000411,4,I-šar-li-bur,OV_000451,4
PN,I-šar-pa2-dan,OS_000412,5,I-šar-pa2-dan,OV_000452,5
PN,I-su2-a-ri-iq,OS_000413,11,I-su2-a-ri2-iq,OV_000454,5
PN,I-su2-a-ri-iq,OS_000413,11,I-su2-a-ri-iq,OV_000453,6
PN,I-ṣur-{d}Suen,OS_000414,10,I-ṣur-{d}Suen,OV_000455,10
PN,I-ti-a-bu-um,OS_000415,2,I-ti-a-bu-um,OV_000456,2
PN,I-ti-DINGIR,OS_000416,1,I-ti-DINGIR,OV_000457,1
PN,I-ti-Er3-ra,OS_000417,2,I-ti-Er3-ra,OV_000458,2
PN,I-ti-rum,OS_000418,8,I-ti-rum,OV_000459,8
PN,I-ti-ta-a,OS_000419,3,I-ti-ta-a,OV_000460,3
PN,I-ti-zu,OS_000420,1,I-ti-zu,OV_000461,1
PN,I-zi-na,OS_000422,2,I-zi-na,OV_000463,2
PN,I3-li-du-ri,OS_000423,1,I3-li-du-ri,OV_000464,1
PN,I3-li2-a-ni,OS_000424,1,I3-li2-a-ni,OV_000465,1
PN,I3-li2-a-num2,OS_000425,1,I3-li2-a-num2,OV_000466,1
PN,I3-li2-AN.DUL3,OS_000426,26,I3-li2-AN.DUL3,OV_000467,26
PN,I3-li2-aš-ra-ni,OS_000427,25,I3-li2-aš-ra-ni,OV_000468,25
PN,I3-li2-ba-aš2-ti,OS_000428,2,I3-li2-ba-aš2-ti,OV_000470,1
PN,I3-li2-ba-aš2-ti,OS_000428,2,I3-li2-ba-aš-ti,OV_000469,1
PN,I3-li2-bi-la-ni,OS_000429,48,I3-li2-bi-la-ni,OV_000471,46
PN,I3-li2-bi-la-ni,OS_000429,48,I3-li2-bi2-la-ni,OV_000473,2
PN,I3-li2-bi-šu,OS_000430,5,I3-li2-bi-šu,OV_000472,5
PN,I3-li2-du-ri,OS_000431,4,I3-li2-du-ri,OV_000474,4
PN,I3-li2-dum-ki,OS_000432,4,I3-li2-dum-ki,OV_000475,4
PN,I3-li2-mi-ti,OS_000433,6,I3-li2-mi-ti,OV_000476,6
PN,I3-li2-NI-x,OS_000434,1,I3-li2-NI-x,OV_000477,1
PN,I3-li2-ra-bi2,OS_000435,1,I3-li2-ra-bi2,OV_000478,1
PN,I3-li2-sa-li2-ik,OS_000436,1,I3-li2-sa-li2-ik,OV_000479,1
PN,I3-li2-šar,OS_000437,1,I3-li2-šar,OV_000480,1
PN,I3-li2-si-la-at,OS_000438,1,I3-li2-si-la-at,OV_000481,1
PN,I3-li2-ši2-na-at,OS_000439,1,I3-li2-ši2-na-at,OV_000482,1
PN,I3-li2-tu-ri,OS_000440,2,I3-li2-tu-ri,OV_000483,2
PN,I3-li2-uz-ra-ni,OS_000441,13,I3-li2-uz-ra-ni,OV_000484,13
PN,I3-si-ni-tum,OS_000442,2,I3-si-ni-tum,OV_000485,2
PN,I3-sum-a-bi2,OS_000444,1,I3-sum-a-bi2,OV_000488,1
PN,I3-zi-na,OS_000445,1,I3-zi-na,OV_000489,1
PN,Ib-ni-{d}IŠKUR,OS_000461,6,Ib-ni-{d}IŠKUR,OV_000505,6
PN,Ib-ni-DINGIR,OS_000462,42,Ib-ni-DINGIR,OV_000506,42
PN,Ib-ni-MU?-AN,OS_000463,1,Ib-ni-MU?-AN,OV_000507,1
PN,Id-da-šum,OS_000464,1,Id-da-šum,OV_000508,1
PN,Im-ta-al-ku,OS_000465,1,Im-ta-al-ku,OV_000509,1
PN,Im-ti-dam,OS_000466,15,Im-ti-dam,OV_000510,15
PN,In-ga-la,OS_000467,3,In-ga-la,OV_000511,3
PN,Ip-KU-a-ba,OS_000468,1,Ip-KU-a-ba,OV_000512,1
PN,Ip-qu2-ša,OS_000469,1,Ip-qu2-ša,OV_000513,1
PN,Ip-šu-ta,OS_000470,9,Ip-šu-ta,OV_000514,9
PN,Ir-DU.DU,OS_000471,3,Ir-DU.DU,OV_000515,3
PN,Iz-bu-um,OS_000472,2,Iz-bu-um,OV_000516,2
PN,ka2 Hu-lu-lu,OS_000477,1,ka2 Hu-lu-lu,OV_000523,1
PN,KAL-hi-li,OS_000479,2,KAL-hi-li,OV_000526,2
PN,Kal2-la-la,OS_000480,1,Kal2-la-la,OV_000527,1
PN,Ki-id-ma-ti,OS_000487,1,Ki-id-ma-ti,OV_000535,1
PN,Ki-na-ma,OS_000488,1,Ki-na-ma,OV_000536,1
PN,Ki-na-na,OS_000489,3,Ki-na-na,OV_000537,3
PN,Ki-ur3-en-HAR,OS_000490,2,Ki-ur3-en-HAR,OV_000538,2
PN,Ki-ur3-re-en,OS_000491,1,Ki-ur3-re-en,OV_000539,1
PN,Ku-ba-ha-zi,OS_000492,1,Ku-ba-ha-zi,OV_000540,1
PN,Ku-bu-num2,OS_000493,1,Ku-bu-num2,OV_000541,1
PN,Ku-bu-ul-tum,OS_000494,1,Ku-bu-ul-tum,OV_000542,1
PN,Ku-du-du-u2,OS_000495,7,Ku-du-du-u2,OV_000543,7
PN,Ku-ku-za-nu-um,OS_000496,3,Ku-ku-za-nu-um,OV_000544,3
PN,Ku-ra-du,OS_000497,5,Ku-ra-du,OV_000545,5
PN,Ku-ru-du,OS_000498,1,Ku-ru-du,OV_000546,1
PN,Ku-ru-ub-{d}IŠKUR,OS_000499,5,Ku-ru-ub-{d}IŠKUR,OV_000547,5
PN,Ku-si-ma-at,OS_000500,1,Ku-si-ma-at,OV_000548,1
PN,KU-u2-a,OS_000501,1,KU-u2-a,OV_000549,1
PN,Ku-ub-ha-zi,OS_000502,1,Ku-ub-ha-zi,OV_000550,1
PN,Ku-un-si-ma-at,OS_000503,1,Ku-un-si-ma-at,OV_000551,1
PN,Ku-zu-NI,OS_000504,2,Ku-zu-NI,OV_000552,2
PN,Ku3-{d}Nanna,OS_000505,2,Ku3-{d}Nanna,OV_000553,2
PN,Ku3-{d}Šara2,OS_000506,1,Ku3-{d}Šara2,OV_000554,1
PN,La-al-ku-da,OS_000507,12,La-al-ku-da,OV_000555,12
PN,La-gin2-ha-ri,OS_000508,3,La-gin2-ha-ri,OV_000556,3
PN,La-ha-tum,OS_000509,1,La-ha-tum,OV_000557,1
PN,La-hu-tum,OS_000510,7,La-hu-tum,OV_000558,7
PN,La-la-a,OS_000511,7,La-la-a,OV_000559,7
PN,La-la-ti,OS_000512,4,La-la-ti,OV_000560,4
PN,La-li2-a,OS_000513,3,La-li2-a,OV_000561,3
PN,La-lum,OS_000514,1,La-lum,OV_000562,1
PN,La-ma-KEŠ2,OS_000515,1,La-ma-KEŠ2,OV_000563,1
PN,La-ma-za-tum,OS_000516,32,La-ma-za-tum,OV_000564,32
PN,La-ma-zum,OS_000517,1,La-ma-zum,OV_000565,1
PN,La-qi3-pu-um,OS_000518,10,La-qi3-ip,OV_000566,6
PN,La-qi3-pu-um,OS_000518,10,La-qi3-pu-um,OV_000567,4
PN,La-ša?-[x]-ta,OS_000519,1,La-ša?-[x]-ta,OV_000568,1
PN,La-te-ni-si,OS_000520,6,La-te-ni-si,OV_000569,6
PN,La?-da?-ha?-x,OS_000521,1,La?-da?-ha?-x,OV_000570,1
PN,La2-en-ni-si-im,OS_000522,1,La2-en-ni-si-im,OV_000571,1
PN,Lal3-la,OS_000523,4,Lal3-la,OV_000572,4
PN,Lal3-li,OS_000524,1,Lal3-li,OV_000573,1
PN,Lal3-li2-a,OS_000525,5,Lal3-li2-a,OV_000575,3
PN,Lal3-li2-a,OS_000525,5,Lal3-li-a,OV_000574,2
PN,Li-bur,OS_000526,4,Li-bur,OV_000576,4
PN,Li-bur-be-li2,OS_000527,2,Li-bur-be-li2,OV_000577,2
PN,Li-bur-i-du-ni,OS_000528,1,Li-bur-i-du-ni,OV_000578,1
PN,Li-bur-ni-mid,OS_000529,1,Li-bur-ni-mid,OV_000579,1
PN,Li-bur-ni-rum,OS_000530,3,Li-bur-ni-rum,OV_000580,3
PN,Li-la-a,OS_000531,40,Li-la-a,OV_000581,33
PN,Li-la-a,OS_000531,40,Li-la-a2,OV_000582,7
PN,Li-la-ta2-[...],OS_000532,2,Li-la-ta2-[...],OV_000583,2
PN,Li?-la-tum,OS_000533,1,Li?-la-tum,OV_000584,1
PN,Lu-ba,OS_000534,2,Lu-ba,OV_000585,2
PN,Lu-ga-tum,OS_000535,32,Lu-ga-tu3-um,OV_000586,7
PN,Lu-ga-tum,OS_000535,32,Lu-ga-tum,OV_000587,25
PN,Lu-lu,OS_000536,4,Lu-lu,OV_000588,4
PN,Lu-lu-ti,OS_000537,1,Lu-lu-ti,OV_000589,1
PN,Lu-ud-lu-ul,OS_000538,1,Lu-ud-lu-ul,OV_000590,1
PN,Lu-x-x,OS_000539,1,Lu-x-x,OV_000591,1
PN,Lu2-{d}E2-a,OS_000540,1,Lu2-{d}E2-a,OV_000592,1
PN,Lu2-{d}Ha-ia3,OS_000541,2,Lu2-{d}Ha-ia3,OV_000593,2
PN,Lu2-{d}Inanna,OS_000542,4,Lu2-{d}Inanna,OV_000594,4
PN,Lu2-{d}Nanna,OS_000543,2,Lu2-{d}Nanna,OV_000595,2
PN,Lu2-{d}Nig2-{d}Ba-u2,OS_000544,1,Lu2-{d}Nig2-{d}Ba-u2,OV_000596,1
PN,Lu2-{d}Nin-[x],OS_000545,1,Lu2-{d}Nin-[x],OV_000597,1
PN,Lu2-{d}Nin-gir2-su,OS_000546,1,Lu2-{d}Nin-gir2-su,OV_000598,1
PN,Lu2-{d}Nin-šubur,OS_000547,2,Lu2-{d}Nin-šubur,OV_000599,2
PN,Lu2-{d}Suen,OS_000548,1,Lu2-{d}Suen,OV_000600,1
PN,Lu2-aga,OS_000549,4,Lu2-aga,OV_000601,4
PN,Lu2-ba-li2-iṭ,OS_000550,1,Lu2-ba-li2-iṭ,OV_000602,1
PN,Lu2-du10-ga,OS_000551,1,Lu2-du10-ga,OV_000603,1
PN,Lu2-E2-a,OS_000552,2,Lu2-E2-a,OV_000604,2
PN,Lu2-kal-kal-la,OS_000553,2,Lu2-kal-kal-la,OV_000605,2
PN,Lu2-kal-la,OS_000554,1,Lu2-kal-la,OV_000606,1
PN,Lu2-me-lam2,OS_000555,6,Lu2-me-lam2,OV_000607,6
PN,Lu2-ša-lim,OS_000556,10,Lu2-ša-lim,OV_000608,10
PN,Lugal-ezem,OS_000557,2,Lugal-ezem,OV_000609,2
PN,Lugal-ha-ma-ti,OS_000558,5,Lugal-ha-ma-ti,OV_000610,5
PN,Lugal-inim-ge-na,OS_000559,1,Lugal-inim-ge-na,OV_000611,1
PN,Lugal-ku3-zu,OS_000560,1,Lugal-ku3-zu,OV_000612,1
PN,Lugal-ma2-gur8-re,OS_000561,2,Lugal-ma2-gur8-re,OV_000613,2
PN,Lugal-u2-šim-e,OS_000562,1,Lugal-u2-šim-e,OV_000614,1
PN,Ma-ak-ra-ni-tum,OS_000563,5,Ma-ak-ra-ni-tum,OV_000615,5
PN,Ma-aš-rum,OS_000564,1,Ma-aš-rum,OV_000616,1
PN,Ma-aš2-tum,OS_000565,3,Ma-aš2-tum,OV_000617,3
PN,Ma-at-i3-li2,OS_000566,2,Ma-at-i3-li2,OV_000618,2
PN,Ma-az-ha-ti,OS_000567,1,Ma-az-ha-ti,OV_000619,1
PN,Ma-ba,OS_000568,2,Ma-ba,OV_000620,2
PN,Ma-la-ti,OS_000569,3,Ma-la-ti,OV_000621,3
PN,Ma-ma-ri-be,OS_000570,1,Ma-ma-ri-be,OV_000622,1
PN,Ma-ma-šar-ra-at,OS_000571,2,Ma-ma-šar-ra-at,OV_000623,2
PN,Ma-ma-tum,OS_000572,1,Ma-ma-tum,OV_000624,1
PN,Ma-ni,OS_000573,2,Ma-ni,OV_000625,2
PN,Ma-nu-um-ki-{d}Šul-gi,OS_000574,1,Ma-nu-um-ki-{d}Šul-gi,OV_000626,1
PN,Ma-šum,OS_000575,19,Ma-šum,OV_000627,19
PN,Maš?-da-{d}Šul-gi,OS_000582,1,Maš?-da-{d}Šul-gi,OV_000635,1
PN,ME-{d}En-lil2,OS_000583,3,ME-{d}En-lil2,OV_000636,3
PN,ME-{d}IŠKUR,OS_000584,13,ME-{d}IŠKUR,OV_000637,13
PN,ME-{d}Ištaran,OS_000585,225,ME-{d}Ištaran,OV_000638,225
PN,ME-{d}Na-zi,OS_000586,3,ME-{d}Na-zi,OV_000639,3
PN,ME-{d}Nanna,OS_000587,15,ME-{d}Nanna,OV_000640,15
PN,ME-{d}Nin-šubur,OS_000588,20,ME-{d}Nin-šubur,OV_000641,20
PN,ME-{d}UTU,OS_000589,2,ME-{d}UTU,OV_000642,2
PN,ME-da-mu,OS_000590,1,ME-da-mu,OV_000643,1
PN,Me-E2-a,OS_000591,162,Me-E2-a,OV_000644,162
PN,ME-Eš4-tar2,OS_000593,6,ME-Eš4-tar2,OV_000646,6
PN,ME-Ha-ia3,OS_000594,1,ME-Ha-ia3,OV_000647,1
PN,ME-Hu-ma-at,OS_000595,1,ME-Hu-ma-at,OV_000648,1
PN,ME-Kab-ta,OS_000596,4,ME-Kab-ta,OV_000649,4
PN,Me-li2-tum,OS_000597,2,Me-li2-tum,OV_000651,1
PN,Me-li2-tum,OS_000597,2,Me-li-tum,OV_000650,1
PN,ME-NE?-mu,OS_000598,1,ME-NE?-mu,OV_000652,1
PN,ME-su-kal2,OS_000599,2,ME-su-kal2,OV_000653,2
PN,Mi-[...]-ša?,OS_000601,4,Mi-[...]-ša?,OV_000655,4
PN,Mi-na-a2,OS_000602,1,Mi-na-a2,OV_000656,1
PN,Mi-na-ni,OS_000603,1,Mi-na-ni,OV_000657,1
PN,Mi-na-ti-a,OS_000604,1,Mi-na-ti-a,OV_000658,1
PN,Mi-na-tum,OS_000605,1,Mi-na-tum,OV_000659,1
PN,Mi-na-u2,OS_000606,5,Mi-na-u2,OV_000660,5
PN,Mi-ni-si-id,OS_000607,4,Mi-ni-si-id,OV_000661,4
PN,Mu-na-num2,OS_000608,4,Mu-na-num2,OV_000662,4
PN,Mu-tum-DINGIR,OS_000609,3,Mu-tum-DINGIR,OV_000663,3
PN,Mur-tum,OS_000610,1,Mur-tum,OV_000664,1
PN,Na-a-a,OS_000611,12,Na-a-a,OV_000665,12
PN,Na-a-a-ti,OS_000612,2,Na-a-a-ti,OV_000666,1
PN,Na-a-a-ti,OS_000612,2,Na-a-ti,OV_000668,1
PN,Na-a-a-tum,OS_000613,5,Na-a-a-tum,OV_000667,4
PN,Na-a-a-tum,OS_000613,5,Na-a-tum,OV_000669,1
PN,Na-ab-ri-tum,OS_000614,28,Na-ab-ri-tum,OV_000670,28
PN,Na-ar-i3-li2,OS_000615,1,Na-ar-i3-li2,OV_000671,1
PN,Na-bu-tum,OS_000616,1,Na-bu-tum,OV_000672,1
PN,Na-DI,OS_000617,2,Na-DI,OV_000673,2
PN,Na-di3-tum,OS_000618,9,Na-di3-tum,OV_000674,9
PN,Na-mu-r[a? ...],OS_000619,1,Na-mu-r[a? ...],OV_000675,1
PN,Na-na,OS_000620,1,Na-na,OV_000676,1
PN,Na-na-a,OS_000621,9,Na-na-a,OV_000677,8
PN,Na-na-a,OS_000621,9,Na-na-a2,OV_000678,1
PN,Na-na-ti-a,OS_000622,2,Na-na-ti-a,OV_000679,2
PN,Na-na-tum,OS_000623,1,Na-na-tum,OV_000680,1
PN,Na-ni,OS_000624,3,Na-ni,OV_000681,3
PN,Na-ra-am-i3-li2,OS_000625,221,Na-ra-am-i3-li2,OV_000682,221
PN,Na-ra-am-ti-a,OS_000626,1,Na-ra-am-ti-a,OV_000683,1
PN,Na-ri-bu,OS_000627,1,Na-ri-bu,OV_000684,1
PN,Na-wi-ir-DINGIR,OS_000628,22,Na-wi-ir-DINGIR,OV_000685,22
PN,Nam-tar-ib2-gu-ul,OS_000630,1,Nam-tar-ib2-gu-ul,OV_000687,1
PN,Nar-zi-la2,OS_000631,1,Nar-zi-la2,OV_000688,1
PN,NE-ba-a,OS_000632,3,NE-ba-a,OV_000689,3
PN,NE-ba-id,OS_000633,1,NE-ba-id,OV_000690,1
PN,Ne-er-zu-zu,OS_000634,1,Ne-er-zu-zu,OV_000691,1
PN,NE-ga-ma,OS_000635,1,NE-ga-ma,OV_000692,1
PN,NE-NE,OS_000636,1,NE-NE,OV_000693,1
PN,NE-NE-a,OS_000637,1,NE-NE-a,OV_000694,1
PN,Ni-a-ma-[...],OS_000638,2,Ni-a-ma-[...],OV_000695,2
PN,Ni-a-tum,OS_000639,1,Ni-a-tum,OV_000696,1
PN,Ni-ib-ni-tum,OS_000640,2,Ni-ib-ni-tum,OV_000697,2
PN,Nig2-{d}Ba-u2,OS_000642,127,Nig2-{d}Ba-u2,OV_000699,127
PN,Nig2-ša3-ta2,OS_000643,2,Nig2-ša3-ta2,OV_000700,2
PN,Nig2-ša3-ti,OS_000644,2,Nig2-ša3-ti,OV_000701,2
PN,Nin-gu2-gal,OS_000646,1,Nin-gu2-gal,OV_000703,1
PN,Nin-ha-ma-ti,OS_000647,1,Nin-ha-ma-ti,OV_000704,1
PN,Nin-lu-lu,OS_000648,1,Nin-lu-lu,OV_000705,1
PN,Nin-tur,OS_000649,2,Nin-tur,OV_000706,2
PN,Nin-zi-ša3-gal2,OS_000650,4,Nin-zi-ša3-gal2,OV_000707,4
PN,Nin9-kal-la,OS_000651,1,Nin9-kal-la,OV_000708,1
PN,Nu-ri-li2,OS_000652,2,Nu-ri-li2,OV_000709,2
PN,Nu-ru-uš-e-li2,OS_000653,7,Nu-ru-uš-e-li2,OV_000711,6
PN,Nu-ru-uš-e-li2,OS_000653,7,Nu-ru-uš-e-li,OV_000710,1
PN,Nu-ur2-{d}IŠKUR,OS_000654,45,Nu-ur2-{d}IŠKUR,OV_000712,45
PN,Nu-ur2-{d}Suen,OS_000655,8,Nu-ur2-{d}Suen,OV_000713,8
PN,Nu-ur2-da-a,OS_000656,2,Nu-ur2-da-a,OV_000714,2
PN,Nu-ur2-Eš4-tar2,OS_000657,2,Nu-ur2-Eš4-tar2,OV_000716,1
PN,Nu-ur2-Eš4-tar2,OS_000657,2,Nu-ur2-Eš18-tar2,OV_000715,1
PN,Nu-ur2-i3-li2,OS_000658,14,Nu-ur2-i3-li2,OV_000717,14
PN,Nu-ur2-ma-ti-šu,OS_000659,2,Nu-ur2-ma-ti-šu,OV_000718,2
PN,Nu-ur2-zu,OS_000660,1,Nu-ur2-zu,OV_000719,1
PN,Pa-pa-ša,OS_000661,1,Pa-pa-ša,OV_000720,1
PN,Pa2-pa2-ša,OS_000662,5,Pa2-pa2-ša,OV_000721,5
PN,Peš2-tur-tur,OS_000663,1,Peš2-tur-tur,OV_000722,1
PN,PI-gi-gi,OS_000664,2,PI-gi-gi,OV_000723,2
PN,PI-ru-a,OS_000665,2,PI-ru-a,OV_000724,2
PN,Pi-ru-ru-tum,OS_000666,3,Pi-ru-ru-tum,OV_000725,3
PN,Pi2-ša-ah-DINGIR,OS_000667,2,Pi2-ša-ah-DINGIR,OV_000726,2
PN,Pi5-ša-ah-DINGIR,OS_000668,4,Pi5-ša-ah-DINGIR,OV_000727,4
PN,Pu-ru-kum,OS_000669,1,Pu-ru-kum,OV_000728,1
PN,Pu-šu-ki-in,OS_000670,4,Pu-šu-ki-in,OV_000729,4
PN,Pu-su2-num2,OS_000671,2,Pu-su2-num2,OV_000730,2
PN,Pu-ta-nu-um,OS_000672,19,Pu-ta-nu-um,OV_000731,18
PN,Pu-ta-nu-um,OS_000672,19,Pu-ta2-nu-um,OV_000732,1
PN,Pu-ta2-nu-um,OS_000673,1,Pu-ta2-num2,OV_000733,1
PN,Pu-uš,OS_000674,1,Pu-uš,OV_000734,1
PN,Puzur4-{d}En-lil2,OS_000675,15,Puzur4-{d}En-lil2,OV_000735,15
PN,Puzur4-{d}Nin-kar-ra-ak,OS_000676,254,Puzur4-{d}Nin-kar-ak,OV_000736,246
PN,Puzur4-{d}Nin-kar-ra-ak,OS_000676,254,Puzur4-{d}Nin-kar-ra-ak,OV_000737,8
PN,Puzur4-{d}Suen,OS_000677,1,Puzur4-{d}Suen,OV_000738,1
PN,Puzur4-a-bi,OS_000678,18,Puzur4-a-bi,OV_000739,18
PN,Puzur4-A-ku-um,OS_000679,313,Puzur4-A-ku-um,OV_000740,307
PN,Puzur4-A-ku-um,OS_000679,313,Puzur4-A-kum,OV_000741,6
PN,Puzur4-E2-a,OS_000680,2,Puzur4-E2-a,OV_000742,2
PN,Puzur4-Er3-ra,OS_000681,1,Puzur4-Er3-ra,OV_000743,1
PN,Puzur4-Ha-ia3,OS_000682,3,Puzur4-Ha-ia3,OV_000744,3
PN,Puzur4-I-šum,OS_000683,1,Puzur4-I-šum,OV_000745,1
PN,Puzur4-i3-li2,OS_000684,1,Puzur4-i3-li2,OV_000746,1
PN,Puzur4-ra-bi2,OS_000685,1,Puzur4-ra-bi2,OV_000747,1
PN,Puzur4-šu-ba,OS_000686,7,Puzur4-šu-ba,OV_000748,7
PN,Ra-ba-tum,OS_000688,5,Ra-ba-tum,OV_000750,5
PN,Ra?-qa-šu-bu-um,OS_000689,1,Ra?-qa-šu-bu-um,OV_000751,1
PN,Ri-ba-tum,OS_000690,2,Ri-ba-tum,OV_000752,2
PN,Ri-im-DINGIR,OS_000691,3,Ri-im-DINGIR,OV_000753,3
PN,Ru-ba-ti-a,OS_000692,1,Ru-ba-ti-a,OV_000754,1
PN,Ru-ba-tum,OS_000693,4,Ru-ba-tum,OV_000755,4
PN,Ša-at-{d}Er3-ra,OS_000695,1,Ša-at-{d}Er3-ra,OV_000757,1
PN,Ša-at-{d}Suen,OS_000696,4,Ša-at-{d}Suen,OV_000758,4
PN,Ša-at-{d}UTU,OS_000697,1,Ša-at-{d}UTU,OV_000759,1
PN,Ša-at-a-a,OS_000698,3,Ša-at-a-a,OV_000760,3
PN,Ša-at-bi-zi-il,OS_000699,33,Ša-at-bi-zi-il,OV_000761,26
PN,Ša-at-bi-zi-il,OS_000699,33,Ša-at-bi2-zi-il,OV_000763,6
PN,Ša-at-bi-zi-il,OS_000699,33,Ša-at-bi-zi-la,OV_000762,1
PN,Ša-at-E2-a,OS_000700,15,Ša-at-E2-a,OV_000764,15
PN,Ša-at-Er3-ra,OS_000701,40,Ša-at-Er3-ra,OV_000765,40
PN,Ša-at-Eš4-tar2,OS_000702,4,Ša-at-Eš4-tar2,OV_000766,4
PN,Ša-at-i3-li2,OS_000703,41,Ša-at-i3-li2,OV_000767,41
PN,Ša-at-Kab-ta2,OS_000704,3,Ša-at-Kab-ta2,OV_000769,2
PN,Ša-at-Kab-ta2,OS_000704,3,Ša-at-Kab-ta,OV_000768,1
PN,Ša-at-ki-ti,OS_000705,2,Ša-at-kin7-ti,OV_000771,1
PN,Ša-at-ki-ti,OS_000705,2,Ša-at-ki-ti,OV_000770,1
PN,Ša-at-Ma-mi,OS_000706,14,Ša-at-Ma-mi,OV_000772,14
PN,Ša-at-ri-tum,OS_000707,2,Ša-at-ri-tum,OV_000773,2
PN,Ša-at-We-er,OS_000708,1,Ša-at-We-er,OV_000774,1
PN,Ša-bar-zi-na-at,OS_000709,1,Ša-bar-zi-na-at,OV_000775,1
PN,Ša-hi-ti,OS_000710,3,Ša-hi-ti,OV_000776,3
PN,Ša-lim-a-bi,OS_000711,1,Ša-lim-a-bi,OV_000777,1
PN,Ša-lim-a-hu-um,OS_000712,3,Ša-lim-a-hu-um,OV_000778,3
PN,Ša-lim-be-li2,OS_000713,5,Ša-lim-be-li2,OV_000779,5
PN,Ša-lim-du-ri,OS_000714,3,Ša-lim-du2-ri,OV_000781,1
PN,Ša-lim-du-ri,OS_000714,3,Ša-lim-du-ri,OV_000780,2
PN,Ša-lim-mi,OS_000715,17,Ša-lim-mi,OV_000782,17
PN,Ša-ta-ap-še-en,OS_000716,1,Ša-ta-ap-še-en,OV_000783,1
PN,Ša-tum,OS_000717,2,Ša-tum,OV_000784,2
PN,Sa10-e2-ama-tu ,OS_000718,1,Sa10-e2-ama-tu ,OV_000785,1
PN,Sa2-ba,OS_000719,88,Sa2-ba,OV_000786,88
PN,Sa6-ga,OS_000720,2,Sa6-ga,OV_000787,2
PN,Šah2-gi6,OS_000721,1,Šah2-gi6,OV_000788,1
PN,Šal2-mah,OS_000722,65,Šal2-mah,OV_000790,62
PN,Šal2-mah,OS_000722,65,Šal-mah,OV_000789,3
PN,Šar-ru-um-ba-ni,OS_000723,5,Šar-ru-um-ba-ni,OV_000791,5
PN,Šar-ru-um-i3-li2,OS_000724,3,Šar-ru-um-i3-li2,OV_000792,3
PN,Šar-ru-zu-da-ba-at,OS_000725,2,Šar-ru-zu-da-ba-at,OV_000793,2
PN,Šar-ru-zu-DU10,OS_000726,1,Šar-ru-zu-DU10,OV_000794,1
PN,Še-da,OS_000727,3,Še-da,OV_000795,3
PN,Še-er-ha-num2,OS_000728,3,Še-er-ha-num2,OV_000796,3
PN,Še-le-bu-tum,OS_000729,3,Še-le-bu-tum,OV_000797,3
PN,Še-le-bu-um,OS_000730,1,Še-le-bu-um,OV_000798,1
PN,Še-li2-a-num2,OS_000731,1,Še-li2-a-num2,OV_000799,1
PN,Še-um,OS_000732,1,Še-um,OV_000800,1
PN,Šeš-kal-la,OS_000733,16,Šeš-kal-la,OV_000801,16
PN,Ši-ba-ak-ra-at,OS_000734,1,Ši-ba-ak-ra-at,OV_000802,1
PN,Ši-bu-uz-ri,OS_000735,6,Ši-bu-uz-ri,OV_000803,6
PN,Ši-ma-tum,OS_000737,1,Ši-ma-tum,OV_000806,1
PN,Si-mu,OS_000738,10,Si-mu,OV_000807,10
PN,Si-nu-nu-tum,OS_000740,1,Si-nu-nu-tum,OV_000810,1
PN,Ši-nu-ri,OS_000741,10,Ši-nu-ri,OV_000811,10
PN,Si-um,OS_000742,4,Si-um,OV_000812,4
PN,Si?-na-ti,OS_000743,1,Si?-na-ti,OV_000813,1
PN,SI.A-a,OS_000744,4,SI.A-a,OV_000815,3
PN,SI.A-a,OS_000744,4,SI?.A-a?,OV_000814,1
PN,Silim-ba,OS_000745,1,Silim-ba,OV_000816,1
PN,Šu-{d}d}Nin-isin2{si},OS_000746,1,Šu-{d}d}Nin-isin2{si},OV_000817,1
PN,Šu-{d}DUMU.ZI,OS_000747,41,Šu-{d}DUMU.ZI,OV_000818,41
PN,Šu-{d}En-lil2,OS_000748,7,Šu-{d}En-lil2,OV_000819,7
PN,šu-{d}Eš4-tar2,OS_000749,1,šu-{d}Eš4-tar2,OV_000820,1
PN,Šu-{d}IŠKUR,OS_000750,39,Šu-{d}IŠKUR,OV_000821,39
PN,Šu-{d}Kab-ta2,OS_000781,513,Šu-Kab-ta,OV_000855,117
PN,Šu-{d}Kab-ta2,OS_000781,513,Šu-Kab-ta2,OV_000857,369
PN,Šu-{d}Kab-ta2,OS_000781,513,Šu-Kab-ta(2),OV_000856,15
PN,Šu-{d}Kab-ta2,OS_000781,513,Šu-{d}Kab2-ta,OV_000823,14
PN,Šu-{d}Kab-ta2,OS_000781,513,Šu-{d}Kab-ta2,OV_000822,11
PN,Šu-{d}LUGAL,OS_000752,14,Šu-{d}LUGAL,OV_000824,14
PN,Šu-{d}Ma-lik,OS_000753,2,Šu-{d}Ma-lik,OV_000825,2
PN,Šu-{d}Ma-mi-tum,OS_000754,2,Šu-{d}Ma-mi-tum,OV_000826,2
PN,Šu-{d}MUŠ-x-a,OS_000755,1,Šu-{d}MUŠ-x-a,OV_000827,1
PN,Šu-{d}Na-zi,OS_000756,1,Šu-{d}Na-zi,OV_000828,1
PN,Šu-{d}Nin-girimX,OS_000757,10,Šu-{d}Nin-girimX,OV_000829,10
PN,Šu-{d}Nin-isin2{si},OS_000758,30,Šu-{d}Nin-isin2{si},OV_000831,28
PN,Šu-{d}Nin-isin2{si},OS_000758,30,Šu-{d}Nin-isin2,OV_000830,2
PN,Šu-{d}Nin-kar-ak,OS_000759,15,Šu-{d}Nin-kar-ak,OV_000832,15
PN,Šu-{d}Nin-šubur,OS_000760,4,Šu-{d}Nin-šubur,OV_000833,4
PN,Šu-{d}Nin-sun2,OS_000761,1,Šu-{d}Nin-sun2,OV_000834,1
PN,Šu-{d}Nisaba,OS_000762,30,Šu-{d}Nisaba,OV_000835,30
PN,šu-{d}Suen,OS_000763,2,šu-{d}Suen,OV_000836,2
PN,Šu-{d}Suen-ba-ni,OS_000764,1,Šu-{d}Suen-ba-ni,OV_000837,1
PN,Šu-{d}UTU,OS_000765,3,Šu-{d}UTU,OV_000838,3
PN,Šu-a-ba,OS_000766,3,Šu-a-ba,OV_000839,3
PN,Šu-a-ku,OS_000767,1,Šu-a-ku,OV_000840,1
PN,Šu-ba-ra-ni,OS_000768,1,Šu-ba-ra-ni,OV_000841,1
PN,Šu-be-lum,OS_000769,1,Šu-be-lum,OV_000842,1
PN,Šu-bu-la-num2,OS_000770,1,Šu-bu-la-num2,OV_000843,1
PN,Šu-bu-ul-tum,OS_000771,3,Šu-bu-ul-tum,OV_000844,3
PN,Šu-E2-a,OS_000772,1,Šu-E2-a,OV_000845,1
PN,Šu-Er3-ra,OS_000773,28,Šu-Er3-ra,OV_000846,28
PN,Šu-Eš4-tar2,OS_000774,48,Šu-Eš4-tar2,OV_000848,42
PN,Šu-Eš4-tar2,OS_000774,48,Šu-Eš18-tar2,OV_000847,6
PN,Su-ga-li2,OS_000775,2,Su-ga-li2,OV_000849,1
PN,Su-ga-li2,OS_000775,2,Zu-ga-li2,OV_001019,1
PN,Su-ga-li2-a,OS_000776,8,Su-ga-li2-a,OV_000850,8
PN,Šu-gur-tum,OS_000777,3,Šu-gur-tum,OV_000851,3
PN,Šu-i-ti-rum,OS_000778,1,Šu-i-ti-rum,OV_000852,1
PN,Šu-i3-li2,OS_000779,5,Šu-i3-li2,OV_000853,5
PN,Šu-Ka3-ka3,OS_000780,2,Šu-Ka3-ka3,OV_000854,2
PN,Šu-ku-bu-um,OS_000782,9,Šu-ku-bu-um,OV_000858,9
PN,Šu-la-num2,OS_000783,16,Šu-la-num2,OV_000859,16
PN,Šu-la-ra-ak,OS_000784,2,Šu-la-ra-ak,OV_000860,2
PN,Šu-Ma-ma,OS_000785,20,Šu-Ma-ma,OV_000861,20
PN,Šu-Ma-mi-tum,OS_000786,3,Šu-Ma-mi-tum,OV_000862,3
PN,Su-mi-id-DINGIR,OS_000787,1,Su-mi-id-DINGIR,OV_000863,1
PN,Šu-mi-ša,OS_000788,2,Šu-mi-ša,OV_000864,2
PN,Šu-mu-ru-uš-tum,OS_000789,1,Šu-mu-ru-uš-tum,OV_000865,1
PN,Šu-na-mu-um,OS_000790,1,Šu-na-mu-um,OV_000866,1
PN,Šu-na-na,OS_000791,1,Šu-na-na,OV_000867,1
PN,Šu-qur-tum,OS_000792,2,Šu-qur-tum,OV_000868,2
PN,Šu-ti-rum,OS_000793,1,Šu-ti-rum,OV_000869,1
PN,Šu{d}KA?-[x],OS_000794,2,Šu{d}KA?-[x],OV_000870,2
PN,Su2-mi-id-DINGIR,OS_000795,4,Su2-mi-id-DINGIR,OV_000871,4
PN,SUHUŠ-ki-in,OS_000796,8,SUHUŠ-ki-in,OV_000872,8
PN,Ta-bi-ma-ma,OS_000799,3,Ta-bi-ma-ma,OV_000875,3
PN,Ta-di2-na,OS_000800,1,Ta-di2-na,OV_000876,1
PN,Ta-din-DI.KU5-ni,OS_000801,2,Ta-din-DI.KU5-ni,OV_000877,2
PN,Ta-din-Eš4-tar2,OS_000802,1,Ta-din-Eš4-tar2,OV_000878,1
PN,Ta-hu-la-am,OS_000803,3,Ta-hu-lam,OV_000880,2
PN,Ta-hu-la-am,OS_000803,3,Ta-hu-la-am,OV_000879,1
PN,Ta-ku-na,OS_000804,4,Ta-ku-na,OV_000881,4
PN,Ta-ri-bu-um,OS_000805,4,Ta-ri-bu,OV_000882,3
PN,Ta-ri-bu-um,OS_000805,4,Ta-ri-bu-um,OV_000883,1
PN,Ta-ti-a,OS_000806,1,Ta-ti-a,OV_000884,1
PN,Ta-tu3-ri,OS_000807,19,Ta-tu3-ri,OV_000885,19
PN,Ta2-di-na,OS_000808,1,Ta2-di-na,OV_000886,1
PN,Ta2-din-Eš4-tar2,OS_000809,5,Ta2-din-Eš4-tar2,OV_000887,5
PN,Ta2-hi-iš-a-tal,OS_000810,1,Ta2-hi-iš-a-tal,OV_000888,1
PN,Ta2-hu-la-am,OS_000811,1,Ta2-hu-la-am,OV_000889,1
PN,Ta2-ki-il-i3-li2-is2-su2,OS_000812,8,Ta2-ki-il-i3-li2-is2-su2,OV_000892,5
PN,Ta2-ki-il-i3-li2-is2-su2,OS_000812,8,Ta2-ki-il-i3-li-is2-su2,OV_000890,1
PN,Ta2-ki-il-i3-li2-is2-su2,OS_000812,8,Ta2-ki-il2-i3-li2-is2-su2,OV_000893,1
PN,Ta2-ki-il-i3-li2-is2-su2,OS_000812,8,Ta2-ki-il-i3-li2-is2-su,OV_000891,1
PN,Ta2-ri2-bu,OS_000813,1,Ta2-ri2-bu,OV_000894,1
PN,Tah-ša-tal,OS_000814,1,Tah-ša-tal,OV_000895,1
PN,Ti-ga-AN,OS_000815,6,Ti-ga-AN,OV_000896,6
PN,Tu-ku-li2,OS_000818,1,Tu-ku-li2,OV_000901,1
PN,Tu-li2-id-{d}UTU{ši},OS_000819,3,Tu-li2-id-{d}UTU{ši},OV_000902,3
PN,Tu-ra-a,OS_000821,3,Tu-ra-a,OV_000905,3
PN,Tu-ra-am-i3-li2,OS_000822,20,Tu-ra-am-i3-li2,OV_000906,20
PN,Tu-ŠUBUR-še,OS_000823,1,Tu-ŠUBUR-še,OV_000907,1
PN,Tu-zur,OS_000824,1,Tu-zur,OV_000908,1
PN,U-bar-ri,OS_000826,1,U-bar-ri,OV_000910,1
PN,U-bar-ri-a,OS_000827,12,U-bar-ri-a,OV_000911,12
PN,U-bar-ta2-ni,OS_000828,3,U-bar-ta2-ni,OV_000914,1
PN,U-bar-ta2-ni,OS_000828,3,U-bar-ta-ni,OV_000913,2
PN,U-bar-ti-a,OS_000829,2,U-bar-ti-a,OV_000915,2
PN,U-bar-tum,OS_000830,14,U-bar-tum,OV_000916,14
PN,U-bar-um,OS_000835,16,U3-bar-um,OV_000922,1
PN,U-bar-um,OS_000835,16,U-bar-um,OV_000917,14
PN,U-bar-um,OS_000835,16,U-bar-rum,OV_000912,1
PN,U-še-er-ha-lum,OS_000831,1,U-še-er-ha-lum,OV_000918,1
PN,U-zur-bu,OS_000832,1,U-zur-bu,OV_000919,1
PN,U2-ba,OS_000833,1,U2-ba,OV_000920,1
PN,U2-du-ri,OS_000834,1,U2-du-ri,OV_000921,1
PN,U3-da-ti,OS_000836,1,U3-da-ti,OV_000923,1
PN,U3-ki2-ba-ša,OS_000838,4,U3-ki2-ba-ša,OV_000926,4
PN,U3-ma-ni,OS_000839,1,U3-ma-ni,OV_000927,1
PN,U3-zi-na-we-er,OS_000841,4,U3-zi-na-we-er,OV_000930,4
PN,U3?-ba,OS_000842,1,U3?-ba,OV_000931,1
PN,Ud-du-ru-um,OS_000843,34,Ud-du-ur,OV_000933,17
PN,Ud-du-ru-um,OS_000843,34,Un-du-ru-um,OV_000945,3
PN,Ud-du-ru-um,OS_000843,34,Ud-du-ru-um,OV_000932,4
PN,Ud-du-ru-um,OS_000843,34,Un-du-ur,OV_000946,10
PN,Um-ma-ge-na,OS_000844,1,Um-ma-ge-na,OV_000935,1
PN,Um-mi-[...],OS_000845,4,Um-mi-[...],OV_000936,4
PN,Um-mi-DU10,OS_000846,20,Um-mi-DU10,OV_000937,20
PN,Um-mi-Eš4-tar2,OS_000847,1,Um-mi-Eš4-tar2,OV_000938,1
PN,Um-mi-it-DINGIR,OS_000848,1,Um-mi-it-DINGIR,OV_000939,1
PN,Um-mi-Kab-ta2,OS_000849,7,Um-mi-Kab-ta2,OV_000941,5
PN,Um-mi-Kab-ta2,OS_000849,7,Um-mi-Kab-ta,OV_000940,2
PN,Um-mi-ta2-din,OS_000850,1,Um-mi-ta2-din,OV_000942,1
PN,Um-šu-x,OS_000851,1,Um-šu-x,OV_000943,1
PN,Ur-[me?]-da-ni,OS_000854,1,Ur-[me?]-da-ni,OV_000948,1
PN,Ur-{d}Asar-lu-hi,OS_000855,5,Ur-{d}Asar-lu-hi,OV_000949,5
PN,Ur-{d}Dumu-zi,OS_000856,18,Ur-{d}Dumu-zi,OV_000950,18
PN,Ur-{d}En-lil2-la2,OS_000857,3,Ur-{d}En-lil2-la2,OV_000951,3
PN,Ur-{d}Lamma,OS_000858,1,Ur-{d}Lamma,OV_000952,1
PN,Ur-{d}Nanše,OS_000859,1,Ur-{d}Nanše,OV_000953,1
PN,Ur-{d}Nin-{d}Si4-an-na,OS_000860,10,Ur-{d}Nin-{d}Si4-an-na,OV_000954,10
PN,Ur-{d}Nin-a-zu,OS_000861,1,Ur-{d}Nin-a-zu,OV_000955,1
PN,Ur-{d}Nin-giš-zi-da-ta,OS_000862,1,Ur-{d}Nin-giš-zi-da-ta,OV_000956,1
PN,Ur-{d}Nin-mug,OS_000863,1,Ur-{d}Nin-mug,OV_000957,1
PN,Ur-{d}Nin-Si4-an-na,OS_000864,1,Ur-{d}Nin-Si4-an-na,OV_000958,1
PN,Ur-{d}Šara2,OS_000865,1,Ur-{d}Šara2,OV_000959,1
PN,Ur-{d}Si4-an-na,OS_000866,5,Ur-{d}Si4-an-na,OV_000960,5
PN,Ur-{d}Suen,OS_000867,3,Ur-{d}Suen,OV_000961,3
PN,Ur-{d}Šul-pa-e3,OS_000868,57,Ur-{d}Šul-pa-e3,OV_000962,57
PN,Ur-{d}Utu,OS_000869,1,Ur-{d}Utu,OV_000963,1
PN,Ur-e2-an-na,OS_000871,6,Ur-e2-an-na,OV_000965,6
PN,Ur-gi-a-zu,OS_000872,1,Ur-gi-a-zu,OV_000966,1
PN,Ur-lu2-al-la,OS_000873,2,Ur-lu2-al-la,OV_000967,2
PN,Ur-me-lam2,OS_000874,2,Ur-me-lam2,OV_000968,2
PN,Ur-mes,OS_000875,3,Ur-mes,OV_000969,3
PN,Ur-nigarX{gar},OS_000876,3,Ur-nigarX{gar},OV_000970,3
PN,Ur-ri-tum,OS_000877,5,Ur-ri-tum,OV_000971,4
PN,Ur-ri-tum,OS_000877,5,U3-ri-tum,OV_000928,1
PN,Ur-ša-lu-hi,OS_000878,4,Ur-ša-lu-hi,OV_000972,4
PN,Ur-sukkal,OS_000879,1,Ur-sukkal,OV_000973,1
PN,Ur-te-me-na,OS_000880,6,Ur-te-me-na,OV_000974,6
PN,Ur-zikum-ma,OS_000881,1,Ur-zikum-ma,OV_000975,1
PN,Uš-mu,OS_000885,1,Uš-mu,OV_000979,1
PN,Us2-si-im-Eš4-tar2,OS_000886,1,Us2-si-im-Eš4-tar2,OV_000980,1
PN,Wa-gi-gi,OS_000887,2,Wa-gi-gi,OV_000981,2
PN,Wa-li-li,OS_000888,1,Wa-li-li,OV_000982,1
PN,Wa-qar-dan,OS_000889,1,Wa-qar-dan,OV_000983,1
PN,Wa-qar-tum,OS_000890,1,Wa-qar-tum,OV_000984,1
PN,We-ze2-ti,OS_000891,2,We-ze2-ti,OV_000985,2
PN,We-ze2-tum,OS_000892,2,We-ze2-tum,OV_000986,2
PN,Wi-ri-ri,OS_000893,1,Wi-ri-ri,OV_000987,1
PN,Wu-ru-a,OS_000894,5,Wu-ru-a,OV_000988,5
PN,Za-a-lum,OS_000895,1,Za-a-lum,OV_000989,1
PN,Za-a-za,OS_000896,1,Za-a-za,OV_000990,1
PN,Za-ak-li2-li2,OS_000898,1,Za-ak-li2-li2,OV_000993,1
PN,Za-al-lum,OS_000899,6,Za-al-lum,OV_000994,6
PN,Za-bu-ku-a,OS_000900,1,Za-bu-ku-a,OV_000995,1
PN,Za-bu-la,OS_000901,14,Za-bu-la,OV_000996,14
PN,Za-bu-ri-tum,OS_000902,2,Za-bu-ri-tum,OV_000997,2
PN,Za-ga,OS_000903,1,Za-ga,OV_000998,1
PN,Za-ga-tum,OS_000904,1,Za-ga-tum,OV_000999,1
PN,Za-ki-ti,OS_000905,7,Za-ki-ti,OV_001000,7
PN,Za-ki-tum,OS_000906,1,Za-ki-tum,OV_001001,1
PN,Za-la-a,OS_000907,135,Za-la-a,OV_001002,135
PN,Za-la-ti,OS_000908,1,Za-la-ti,OV_001003,1
PN,Za-la-tum,OS_000909,1,Za-la-tum,OV_001004,1
PN,Za-ri-kum,OS_000910,1,Za-ri-kum,OV_001005,1
PN,Za-za-lum,OS_000911,1,Za-za-lum,OV_001006,1
PN,Za?-ku?-[...],OS_000912,1,Za?-ku?-[...],OV_001007,1
PN,Zi-a,OS_000914,1,Zi-a,OV_001009,1
PN,Zi-bil2-lum,OS_000915,1,Zi-bil2-lum,OV_001010,1
PN,Zi-ip-ni-tum,OS_000916,1,Zi-ip-ni-tum,OV_001011,1
PN,Zi-mi-tum,OS_000917,1,Zi-mi-tum,OV_001012,1
PN,Zi-na-ma,OS_000919,7,Zi-na-ma,OV_001014,7
PN,Zi-ti-a,OS_000920,17,Zi-ti-a,OV_001015,17
PN,Zi-ti-ma,OS_000921,9,Zi-ti-ma,OV_001016,9
PN,Zi-x-x,OS_000922,4,Zi-x-x,OV_001017,4
PN,Zi-za-num2,OS_000923,1,Zi-za-num2,OV_001018,1
PN,Zu-zu-tum,OS_000924,17,Zu-zu-tum,OV_001020,17
GN,A-dam-DUN{ki},OS_000026,2,A-dam-DUN{ki},OV_000027,1
GN,A-dam-DUN{ki},OS_000026,2,A-dam-DUN,OV_000026,1
GN,A-gar3-Umma{ki},OS_000034,1,A-gar3-Umma{ki},OV_000035,1
GN,A-pi4-sal4{ki},OS_000078,4,A-pi4-sal4{ki},OV_000087,4
GN,a-ša3 A-gi-li,OS_000081,1,a-ša3 A-gi-li,OV_000090,1
GN,a-ša3 GAR-ša-an-na{ki},OS_000082,2,a-ša3 GAR-ša-an-na{ki},OV_000091,2
GN,a-ša3 Karkar{ki},OS_000083,1,a-ša3 Karkar{ki},OV_000092,1
GN,a-ša3 Lu2-{d}Nanna,OS_000084,1,a-ša3 Lu2-{d}Nanna,OV_000093,1
GN,a-ša3 lu2-mah,OS_000085,1,a-ša3 lu2-mah,OV_000094,1
GN,a-ša3 mi2-mi2,OS_000086,2,a-ša3 mi2-mi2,OV_000095,2
GN,a-ša3 pa4-lugal-mu,OS_000087,4,a-ša3 pa4-lugal-mu,OV_000096,4
GN,a-ša3 PI-hu-um,OS_000088,2,a-ša3 PI-hu-um,OV_000097,2
GN,a-ša3 SUM.PU2.PU2,OS_000089,2,a-ša3 SUM.PU2.PU2,OV_000098,2
GN,a-ša3 Ti-im-bu-na-{d.aš}Aš7-gi4{ki},OS_000090,2,a-ša3 Ti-im-bu-na-Aš3-ki,OV_000100,1
GN,a-ša3 Ti-im-bu-na-{d.aš}Aš7-gi4{ki},OS_000090,2,a-ša3 Ti-im-bu-na-{d.aš}Aš7-gi4{ki},OV_000099,1
GN,a-ša3 ZE2-ru-um,OS_000091,2,a-ša3 ZE2-ru-um,OV_000101,2
GN,a-ša3 ZE2-ru-um-še3,OS_000092,1,a-ša3 ZE2-ru-um-še3,OV_000102,1
GN,a-ša3? kar-na4,OS_000093,2,a-ša3? kar-na4,OV_000103,2
GN,Adab{ki},OS_000114,1,Adab{ki},OV_000126,1
GN,An-za-gar3,OS_000127,2,An-za-gar3,OV_000140,2
GN,An-za-gar3-{giš}kiri6 Zabalam4{ki},OS_000128,5,An-za-gar3-{giš}kiri6-Zabalam4{ki},OV_000141,5
GN,An-za-gar3-Da-da,OS_000129,4,An-za-gar3-Da-da,OV_000142,4
GN,An-za-gar3-HI.A-Umma{ki},OS_000130,1,An-za-gar3-HI.A-Umma{ki},OV_000143,1
GN,An-za-gar3-Umma{ki},OS_000131,1,An-za-gar3-Umma{ki},OV_000144,1
GN,Ba?-la-nu{ki},OS_000167,1,Ba?-la-nu{ki},OV_000181,1
GN,Bad3-{d}Šul-gi,OS_000168,2,Bad3-{d}Šul-gi,OV_000182,2
GN,Bad3-ga-zi{ki},OS_000169,1,Bad3-ga-zi{ki},OV_000183,1
GN,{d}Gu4-an-na,OS_000203,1,{d}Gu4-an-na,OV_000219,1
GN,{d}Šu-{d}Suen-am-ma-ar-ra{ki},OS_000221,8,{d}Šu-{d}Suen-am-ma-ar-ra{ki},OV_000238,3
GN,{d}Šu-{d}Suen-am-ma-ar-ra{ki},OS_000221,8,{d}Šu-{d}Suen-am-ma-ra{ki},OV_000240,2
GN,{d}Šu-{d}Suen-am-ma-ar-ra{ki},OS_000221,8,{d}Šu-{d}Suen-am-ma-ar{ki},OV_000239,3
GN,{d}Šu-{d}Suen-DU10{ki},OS_000222,1,{d}Šu-{d}Suen-DU10{ki},OV_000241,1
GN,Da-si-hu-um,OS_000248,1,Da-si-hu-um,OV_000268,1
GN,Dar-ra-um,OS_000250,1,Dar-ra-um,OV_000270,1
GN,Dar-ra-um{ki},OS_000251,3,Dar-ra-um{ki},OV_000271,3
GN,Di3-ma-at-Kal2-bu-um{ki},OS_000252,65,Di3-ma-at-Kal2-bu-um{ki},OV_000273,61
GN,Di3-ma-at-Kal2-bu-um{ki},OS_000252,65,Di3-ma-at-Kal2-bu-um,OV_000272,4
GN,Du6-lugal-pa-e3{ki},OS_000269,47,Du6-lugal-pa-e3{ki},OV_000292,35
GN,Du6-lugal-pa-e3{ki},OS_000269,47,Du6-lugal-pa-e3,OV_000291,12
GN,Du6-sahar-ra{ki},OS_000270,4,Du6-sahar-ra{ki},OV_000293,4
GN,E2-{d}Šu-{d}Suen{ki},OS_000285,39,E2-{d}Šu-{d}Suen{ki},OV_000312,24
GN,E2-{d}Šu-{d}Suen{ki},OS_000285,39,E2-{d}Šu-{d}Suen,OV_000311,15
GN,E2-da-na{ki},OS_000290,17,E2-da-na{ki},OV_000317,17
GN,E2-duru5-{d}Ba-u2,OS_000291,1,E2-duru5-{d}Ba-u2,OV_000318,1
GN,E2-duru5-al-lu-u2,OS_000292,1,E2-duru5-al-lu-u2,OV_000319,1
GN,E2-duru5-Kab-bi{ki},OS_000293,14,E2-duru5-Kab-bi2,OV_000322,7
GN,E2-duru5-Kab-bi{ki},OS_000293,14,E2-duru5-Kab-bi,OV_000320,2
GN,E2-duru5-Kab-bi{ki},OS_000293,14,E2-duru5-Kab-bi{ki},OV_000321,5
GN,E2-duru5-ME-{d}Ištaran,OS_000294,2,E2-duru5-ME-{d}Ištaran,OV_000323,2
GN,E2-duru5-Me+en-kar2,OS_000295,2,E2-duru5-Me+en-kar2,OV_000324,2
GN,E2-duru5-ul-luh-Uri5{ki},OS_000296,6,E2-duru5-ul-luh-Uri5{ki},OV_000325,5
GN,E2-duru5-ul-luh-Uri5{ki},OS_000296,6,Ul-luh-Uri5{ki},OV_000934,1
GN,E2-Kab-ba{ki},OS_000298,2,E2-Kab-ba{ki},OV_000327,2
GN,E2-KISIM5?{ki},OS_000299,1,E2-KISIM5?{ki},OV_000328,1
GN,E2-lugal-eden-na,OS_000300,2,E2-lugal-eden-na,OV_000329,2
GN,E2-u3-ri-a{ki},OS_000301,4,E2-u3-ri-a{ki},OV_000331,2
GN,E2-u3-ri-a{ki},OS_000301,4,E2-u3-ri-a,OV_000330,2
GN,EN.ZU.UD.UD{ki},OS_000313,2,EN.ZU.UD.UD{ki},OV_000346,1
GN,EN.ZU.UD.UD{ki},OS_000313,2,EN.ZU.UD.UD,OV_000345,1
GN,GAR-ša-an-na{ki},OS_000334,499,GAR-ša-an-na{ki},OV_000368,487
GN,GAR-ša-an-na{ki},OS_000334,499,GAR-ša-an{ki}-na,OV_000369,3
GN,GAR-ša-an-na{ki},OS_000334,499,GAR-ša-an-na,OV_000367,9
GN,Gar3-da-hi,OS_000335,5,Gar3-da-hi,OV_000370,5
GN,Gir13-giš{ki},OS_000343,2,Gir13-giš{ki},OV_000378,2
GN,Gir2-su{ki},OS_000344,38,Gir2-su{ki},OV_000379,38
GN,{giš}kiri6 {d}Ba-u2-da,OS_000347,9,{giš}kiri6 {d}Ba-u2-da,OV_000382,9
GN,{giš}kiri6 Ba-ga-a,OS_000348,2,{giš}kiri6 Ba-ga-a,OV_000383,2
GN,{giš}kiri6 ba-ga-a-ta,OS_000349,1,{giš}kiri6 ba-ga-a-ta,OV_000384,1
GN,{giš}kiri6 ga2-nun-na-še3,OS_000350,1,{giš}kiri6 ga2-nun-na-še3,OV_000385,1
GN,{giš}kiri6 GAR-ša-an-na{ki},OS_000351,28,{giš}kiri6 GAR-ša-an-na{ki},OV_000386,28
GN,{giš}kiri6 Gurum2-uru{ki},OS_000352,1,{giš}kiri6 Gurum2-uru{ki},OV_000387,1
GN,{giš}kiri6 I3-li2-AN.DUL3,OS_000353,1,{giš}kiri6 I3-li2-AN.DUL3,OV_000388,1
GN,{giš}kiri6 ME-{d}Ištaran,OS_000354,2,{giš}kiri6 ME-{d}Ištaran,OV_000389,2
GN,{giš}kiri6 Še-le-bu-tum,OS_000355,1,{giš}kiri6 Še-le-bu-tum,OV_000390,1
GN,{giš}kiri6 Šu-Eš4-tar2,OS_000356,1,{giš}kiri6 Šu-Eš4-tar2,OV_000391,1
GN,{giš}kiri6 Zabalam4{ki},OS_000357,26,{giš}kiri6 Zabalam4{ki},OV_000392,26
GN,Gu2-ab-ba{ki},OS_000358,12,Gu2-ab-ba{ki},OV_000393,11
GN,Gu2-ab-ba{ki},OS_000358,12,Gu2-ab2-ba{ki},OV_000394,1
GN,Gu2-sahar{har}-DU{ki},OS_000359,6,Gu2-sahar{har}-DU{ki},OV_000395,6
GN,Gurum2-uru{ki},OS_000361,1,Gurum2-uru{ki},OV_000397,1
GN,Hu-uh3-nu-ri{ki},OS_000385,3,Hu-uh3-nu-ri{ki},OV_000424,3
GN,I-zi-in-Er3-ra{ki},OS_000421,16,I-zi-in-Er3-ra{ki},OV_000462,16
GN,{i3-si}Isin2{ki},OS_000443,64,{i3-si}Isin2{ki},OV_000487,60
GN,{i3-si}Isin2{ki},OS_000443,64,{i3-si}Isin2,OV_000486,4
GN,i7 {d}Amar-{d}Suen,OS_000446,1,i7 {d}Amar-{d}Suen,OV_000490,1
GN,i7 {d}Nin-hur-sag-ga2,OS_000447,2,i7 {d}Nin-hur-sag-ga2,OV_000491,2
GN,i7 {d}Šu-{d}Suen-he2-gal2,OS_000448,1,i7 {d}Šu-{d}Suen-he2-gal2,OV_000492,1
GN,i7 A-ga-mu-um,OS_000449,3,i7 A-ga-mu-um,OV_000493,3
GN,i7 A-gar3 [(x)],OS_000450,1,i7 A-gar3 [(x)],OV_000494,1
GN,i7 gu4,OS_000451,1,i7 gu4,OV_000495,1
GN,i7 I3-dišX-tum,OS_000452,2,i7 I3-dišX-tum,OV_000496,2
GN,i7 Ir-ni-na,OS_000453,1,i7 Ir-ni-na,OV_000497,1
GN,i7 Ma-an-iš-ti-šu,OS_000454,2,i7 Ma-an-iš-ti-šu,OV_000498,2
GN,i7 Ma-ma-šar-ra-at,OS_000455,4,i7 Ma-ma-šar-ra-at,OV_000499,4
GN,i7 Me-kal-kal,OS_000456,2,i7 Me-kal-kal,OV_000500,2
GN,i7 Mi-me-er,OS_000457,2,i7 Mi-me-er,OV_000501,2
GN,i7 Na-ra-am-{d}Suen-ni-tum,OS_000458,1,i7 Na-ra-am-{d}Suen-ni-tum,OV_000502,1
GN,i7 nar-e-ne,OS_000459,1,i7 nar-e-ne,OV_000503,1
GN,i7 Sur-du6,OS_000460,1,i7 Sur-du6,OV_000504,1
GN,KA-sahar-ra{ki},OS_000473,5,KA-sahar-ra{ki},OV_000517,5
GN,ka2 {d}Šu-{d}Suen,OS_000474,2,ka2 {d}Šu-{d}Suen,OV_000518,2
GN,ka2 Bil-li2-a,OS_000475,6,ka2 Bil-li2-a,OV_000520,3
GN,ka2 Bil-li2-a,OS_000475,6,ka2 Bil-i-a,OV_000519,3
GN,ka2 DINGIR-ka3-ka3-da-nu-um,OS_000476,17,ka2 DINGIR-ka3-ka3-da-nu-um,OV_000522,15
GN,ka2 DINGIR-ka3-ka3-da-nu-um,OS_000476,17,KA2 Il3-lum-ka3-ka3-da-ni-um,OV_000524,1
GN,ka2 DINGIR-ka3-ka3-da-nu-um,OS_000476,17,ka2 DINGIR-ka3-ka3-da-ni-um,OV_000521,1
GN,Kab-šu{ki},OS_000478,1,Kab-šu{ki},OV_000525,1
GN,Kar-zi-da{ki},OS_000481,2,Kar-zi-da{ki},OV_000528,2
GN,Karkar{ki},OS_000482,13,Karkar{ki},OV_000529,13
GN,ki-a-nag Arad2-{d}Nanna,OS_000483,1,ki-a-nag Arad2-{d}Nanna,OV_000530,1
GN,ki-a-nag Da-da,OS_000484,1,ki-a-nag Da-da,OV_000531,1
GN,ki-a-nag Na-wi-ir-DINGIR,OS_000485,1,ki-a-nag Na-wi-ir-DINGIR,OV_000532,1
GN,ki-a-nag Šu-Kab-ta2,OS_000486,11,ki-a-nag Šu-Kab-ta2,OV_000534,9
GN,ki-a-nag Šu-Kab-ta2,OS_000486,11,ki-a-nag Šu-Kab-ta,OV_000533,2
GN,Mar-ha-ši{ki},OS_000576,2,Mar-ha-ši{ki},OV_000629,1
GN,Mar-ha-ši{ki},OS_000576,2,Mar-ha-ši,OV_000628,1
GN,Marda2{ki},OS_000577,2,Marda2{ki},OV_000630,2
GN,Maš-kan2-hul-li2-ṣur{ki},OS_000578,2,Maš-kan2-hul-li2-ṣur{ki},OV_000631,2
GN,Maš-kan2-kul2-li2-zum{ki},OS_000579,5,Maš-kan2-kul2-li2-zum{ki},OV_000632,5
GN,Maš-kan2-šar-ru-um{ki},OS_000580,2,Maš-kan2-šar-ru-um{ki},OV_000633,2
GN,Maš-kan2{ki},OS_000581,1,Maš-kan2{ki},OV_000634,1
GN,Me-en-kar2,OS_000592,1,Me-en-kar2,OV_000645,1
GN,Me+en-kar2,OS_000600,2,Me+en-kar2,OV_000654,2
GN,NAG-su{ki},OS_000629,3,NAG-su{ki},OV_000686,3
GN,Nibru{ki},OS_000641,54,Nibru{ki},OV_000698,54
GN,NIM?{ki},OS_000645,1,NIM?{ki},OV_000702,1
GN,Puzur4{iš}-{d}Da-gan{ki},OS_000687,4,Puzur4{iš}-{d}Da-gan{ki},OV_000749,4
GN,Ša-aš-ru{ki},OS_000694,1,Ša-aš-ru{ki},OV_000756,1
GN,Si-ma-num2{ki},OS_000736,9,Si-ma-nu-um{ki},OV_000804,1
GN,Si-ma-num2{ki},OS_000736,9,Si-ma-num2{ki},OV_000805,8
GN,Si-mu-ru-um{ki},OS_000739,77,Si-mu-ru-um,OV_000808,5
GN,Si-mu-ru-um{ki},OS_000739,77,Si-mu-ru-um{ki},OV_000809,72
GN,SUM.PU2.PU2,OS_000797,3,SUM.PU2.PU2,OV_000873,3
GN,Šušin{ki},OS_000798,6,Šušin{ki},OV_000874,6
GN,Ti-im-bu-bu{ki},OS_000816,1,Ti-im-bu-bu{ki},OV_000897,1
GN,Ti-im-bu-na-{d.aš}Aš7-gi4{ki},OS_000817,10,Ti-im-bu-na-{d}Aš3-ki,OV_000899,5
GN,Ti-im-bu-na-{d.aš}Aš7-gi4{ki},OS_000817,10,Ti-im-bu-na-Aš3-ki,OV_000900,4
GN,Ti-im-bu-na-{d.aš}Aš7-gi4{ki},OS_000817,10,Ti-im-bu-na-{d.aš}Aš7-gi4{ki},OV_000898,1
GN,Tu-li2-um{ki},OS_000820,15,Tu-li2-um{ki},OV_000904,14
GN,Tu-li2-um{ki},OS_000820,15,Tu-li2-um,OV_000903,1
GN,Tum-ma-al{ki},OS_000825,5,Tum-ma-al{ki},OV_000909,5
GN,U3-dag-ga{ki},OS_000837,37,U3-dag-ga{ki},OV_000925,36
GN,U3-dag-ga{ki},OS_000837,37,U3-dag-ga,OV_000924,1
GN,U3-ṣa-ar-E2-u2-ra,OS_000840,1,U3-ṣa-ar-E2-u2-ra,OV_000929,1
GN,Umma{ki},OS_000852,129,Umma{ki},OV_000944,129
GN,Unu{ki},OS_000853,129,Unu{ki},OV_000947,129
GN,Ur-bi2-lum{ki},OS_000870,1,Ur-bi2-lum{ki},OV_000964,1
GN,Uri5{ki},OS_000882,564,Uri5{ki},OV_000976,564
GN,Uru-ki-gid2-da,OS_000883,12,Uru-ki-gid2-da,OV_000977,12
GN,Uru-sag-rig7{ki},OS_000884,3,Uru-sag-rig7{ki},OV_000978,3
GN,Za-ab-ša-li{ki},OS_000897,397,Za-ab-ša-li{ki},OV_000992,369
GN,Za-ab-ša-li{ki},OS_000897,397,Za-ab-ša-li,OV_000991,28
GN,Zabalam4{ki},OS_000913,71,Zabalam4{ki},OV_001008,71
GN,Zi-mu-dar{ki},OS_000918,1,Zi-mu-dar{ki},OV_001013,1
